skill_python,skill_javascript,skill_react,skill_nodejs,skill_mongodb,skill_design,skill_testing,skill_devops,skill_ml,skill_java,role_PM,role_Developer,role_Designer,role_QA,role_BusinessAnalyst,availability_overlap,team_size,avg_skill_level,skill_diversity,roles_covered,max_skill_gap,workload_balance_score,success_score,full_role_coverage,core_skills_present,high_availability,skill_role_alignment,success_label
0.6719494,-0.93219054,-0.8951653,1.3841579,1.4486072,0.5194322,-0.23057169,1.2428876,0.0,0.0,0.4842657,0.4842657,0.52897686,0.5345225,0.4955156,-0.61975586,1.3067621,0.99994445,0.9235784,1.2305561,0.24184668,-1.6001574,89.05999755859375,1.4491377,1.5634719,-0.8498366,1.2516265,1
-0.8647218,-0.93219054,-0.8951653,-0.87861586,-0.56716037,0.5194322,-0.23057169,-1.6895915,0.0,0.0,0.4842657,-2.064982,-1.8904419,0.5345225,0.4955156,0.6904844,-1.4072822,-1.896089,-0.8910581,-1.1872268,1.2565635,-1.2933005,78.93000030517578,-0.69006556,-0.6396021,1.1766968,-1.6603084,1
-1.6330574,-0.93219054,-0.8951653,-0.87861586,-0.56716037,-0.9013676,1.2830637,1.2428876,0.0,0.0,0.4842657,0.4842657,-1.8904419,0.5345225,0.4955156,-1.2937248,1.3067621,-0.9307443,0.016260184,0.021664724,0.67705256,0.48577937,74.36000061035156,-0.69006556,-0.6396021,-0.8498366,-0.40417963,1
-0.096386194,0.5207768,1.2765836,0.6299,-0.56716037,-0.9013676,-0.9873894,-0.2233519,0.0,0.0,0.4842657,0.4842657,-1.8904419,-1.8708287,0.4955156,-1.2292593,-1.4072822,0.034600396,0.9235784,-1.1872268,1.089353,1.0736343,85.44999694824219,-0.69006556,-0.6396021,-0.8498366,-1.1464375,1
-0.096386194,-1.6586741,-0.8951653,0.6299,-0.56716037,-0.9013676,1.2830637,1.2428876,0.0,0.0,-2.064982,0.4842657,0.52897686,0.5345225,0.4955156,1.5238843,-0.50260085,-0.20673606,0.016260184,0.021664724,1.5188324,0.0875552,79.58000183105469,-0.69006556,-0.6396021,1.1766968,0.024046194,1
-0.096386194,-1.6586741,-0.8951653,-0.12435794,0.44072336,-0.9013676,1.2830637,-0.2233519,0.0,0.0,0.4842657,0.4842657,-1.8904419,-1.8708287,0.4955156,-0.95682997,-1.4072822,-0.6894084,0.016260184,-1.1872268,-0.9251921,0.937445,74.0199966430664,-0.69006556,-0.6396021,-0.8498366,-1.5175664,1
0.6719494,1.2472605,0.55266726,-0.12435794,1.4486072,-0.9013676,1.2830637,1.2428876,0.0,0.0,0.4842657,0.4842657,0.52897686,-1.8708287,-2.0181,0.5823062,1.3067621,1.7239527,0.9235784,-1.1872268,-1.2928265,1.4822019,100.0,-0.69006556,-0.6396021,1.1766968,-0.09014722,1
1.4402851,1.2472605,1.2765836,1.3841579,-0.56716037,0.5194322,-0.9873894,0.5097679,0.0,0.0,-2.064982,0.4842657,0.52897686,0.5345225,-2.0181,-0.34784627,1.3067621,1.7239527,0.9235784,-1.1872268,-1.2573229,-0.920935,100.0,-0.69006556,-0.6396021,-0.8498366,0.024046194,1
-0.8647218,-0.20570685,1.2765836,-0.87861586,-1.5750442,1.229832,1.2830637,-0.9564717,0.0,0.0,0.4842657,0.4842657,0.52897686,-1.8708287,0.4955156,-0.7827088,-0.50260085,0.034600396,0.016260184,0.021664724,0.7686748,0.8081515,86.62000274658203,-0.69006556,1.5634719,-0.8498366,-0.0045024995,1
0.6719494,0.5207768,-0.17124902,1.3841579,-0.56716037,-1.6117674,1.2830637,-1.6895915,0.0,0.0,-2.064982,0.4842657,0.52897686,-1.8708287,0.4955156,-0.9781552,-1.4072822,-0.44807193,-1.7983764,-1.1872268,-0.6090952,-1.4622442,88.44000244140625,-0.69006556,-0.6396021,-0.8498366,-1.4033729,1
-0.096386194,1.2472605,0.55266726,1.3841579,1.4486072,0.5194322,-1.7442071,-2.4227114,0.0,0.0,0.4842657,0.4842657,-1.8904419,0.5345225,-2.0181,-1.3478253,-1.4072822,0.27593628,-0.8910581,-1.1872268,-1.0454463,0.4530249,86.55999755859375,-0.69006556,-0.6396021,-0.8498366,-0.5469216,1
-0.096386194,-1.6586741,-0.8951653,-0.12435794,1.4486072,-0.19096772,1.2830637,-0.9564717,0.0,0.0,0.4842657,0.4842657,0.52897686,-1.8708287,-2.0181,1.4386766,-1.4072822,-0.6894084,-0.8910581,-1.1872268,-0.6480347,-1.0657438,90.56999969482422,-0.69006556,1.5634719,1.1766968,-0.661115,1
0.6719494,-0.93219054,-0.8951653,0.6299,-0.56716037,-0.9013676,1.2830637,-0.9564717,0.0,0.0,-2.064982,0.4842657,0.52897686,0.5345225,0.4955156,-0.96254516,-0.50260085,-0.6894084,0.016260184,0.021664724,-0.020422071,-1.1347004,84.41999816894531,-0.69006556,-0.6396021,-0.8498366,0.024046194,1
1.4402851,-0.93219054,-1.6190816,1.3841579,-0.56716037,-0.9013676,-0.23057169,-0.2233519,0.0,0.0,0.4842657,0.4842657,0.52897686,-1.8708287,0.4955156,1.6445167,-0.50260085,-0.44807193,0.016260184,0.021664724,0.65185636,-1.122633,88.30000305175781,-0.69006556,-0.6396021,1.1766968,-0.3470829,1
1.4402851,-0.20570685,1.2765836,0.6299,1.4486072,1.229832,-0.9873894,1.2428876,0.0,0.0,0.4842657,0.4842657,0.52897686,0.5345225,0.4955156,0.017686915,0.40208066,1.9652891,0.9235784,1.2305561,1.3493311,0.42371845,100.0,1.4491377,-0.6396021,-0.8498366,1.3658199,1
-0.8647218,1.2472605,1.2765836,-0.87861586,-1.5750442,0.5194322,-0.9873894,-2.4227114,0.0,0.0,-2.064982,-2.064982,0.52897686,0.5345225,0.4955156,0.77224994,-1.4072822,-0.9307443,-0.8910581,-1.1872268,0.69652224,0.5616317,83.8499984741211,-0.69006556,-0.6396021,1.1766968,-1.4033729,1
-0.096386194,-1.6586741,-0.8951653,1.3841579,-0.56716037,0.5194322,-0.9873894,-1.6895915,0.0,0.0,0.4842657,0.4842657,-1.8904419,-1.8708287,0.4955156,-1.0530878,-1.4072822,-1.6547525,-1.7983764,-1.1872268,-0.6045141,0.7512623,66.41000366210938,-0.69006556,-0.6396021,-0.8498366,-1.0607924,0
-0.096386194,-0.93219054,-0.8951653,-0.12435794,-0.56716037,1.229832,-0.23057169,1.2428876,0.0,0.0,0.4842657,0.4842657,-1.8904419,0.5345225,0.4955156,-1.4010593,-0.50260085,-0.44807193,-0.8910581,0.021664724,-1.150812,-0.43479103,78.91999816894531,-0.69006556,1.5634719,-0.8498366,-0.63256663,1
1.4402851,1.2472605,0.55266726,1.3841579,1.4486072,0.5194322,-0.9873894,1.2428876,0.0,0.0,0.4842657,0.4842657,0.52897686,0.5345225,0.4955156,1.3365762,1.3067621,2.206625,0.9235784,1.2305561,0.6094811,0.46681625,100.0,1.4491377,-0.6396021,1.1766968,1.1088847,1
-0.8647218,1.2472605,0.55266726,-0.87861586,-0.56716037,-0.19096772,0.526246,-0.2233519,0.0,0.0,0.4842657,0.4842657,0.52897686,0.5345225,0.4955156,1.0204631,0.40208066,-0.20673606,0.016260184,1.2305561,-0.32048503,0.74264276,100.0,1.4491377,1.5634719,1.1766968,1.1088847,1
-0.096386194,0.5207768,1.2765836,1.3841579,1.4486072,-0.19096772,-0.9873894,-0.9564717,0.0,0.0,0.4842657,0.4842657,0.52897686,0.5345225,0.4955156,-0.071854904,0.40208066,0.7586086,0.9235784,1.2305561,-0.70300806,-0.23136911,100.0,1.4491377,-0.6396021,-0.8498366,0.6521103,1
-0.096386194,-1.6586741,-0.8951653,-0.12435794,1.4486072,1.229832,-0.23057169,-0.9564717,0.0,0.0,0.4842657,-2.064982,0.52897686,0.5345225,-2.0181,-0.50790477,-1.4072822,-0.6894084,-0.8910581,-1.1872268,-1.4726354,-0.65200436,81.75,-0.69006556,1.5634719,-0.8498366,-0.09014722,1
-0.096386194,-1.6586741,-0.8951653,0.6299,-0.56716037,0.5194322,0.526246,-0.9564717,0.0,0.0,0.4842657,0.4842657,0.52897686,-1.8708287,0.4955156,-0.060630348,-0.50260085,-0.9307443,-0.8910581,0.021664724,-0.78317755,-0.6054586,83.69999694824219,-0.69006556,1.5634719,-0.8498366,-0.118695915,1
-0.096386194,0.5207768,1.2765836,1.3841579,-0.56716037,-0.19096772,-0.9873894,-0.9564717,0.0,0.0,0.4842657,0.4842657,0.52897686,-1.8708287,0.4955156,-0.383403,-0.50260085,0.034600396,0.016260184,0.021664724,-0.05019934,0.88227975,93.51000213623047,-0.69006556,-0.6396021,-0.8498366,-0.0045024995,1
-0.8647218,1.2472605,1.2765836,-0.87861586,-0.56716037,-1.6117674,-0.9873894,0.5097679,0.0,0.0,0.4842657,-2.064982,-1.8904419,0.5345225,0.4955156,0.58427715,-1.4072822,-0.9307443,-0.8910581,-1.1872268,-0.20252141,0.48922715,79.5199966430664,-0.69006556,-0.6396021,1.1766968,-1.8315986,1
1.4402851,1.2472605,-0.17124902,1.3841579,0.44072336,1.229832,1.2830637,-0.9564717,0.0,0.0,0.4842657,0.4842657,-1.8904419,0.5345225,0.4955156,-1.6654584,-0.50260085,1.9652891,0.9235784,0.021664724,0.5155682,0.72712743,100.0,-0.69006556,1.5634719,-0.8498366,0.79485244,1
-0.8647218,1.2472605,-0.17124902,-1.6328738,-0.56716037,1.229832,1.2830637,1.2428876,0.0,0.0,0.4842657,0.4842657,-1.8904419,0.5345225,0.4955156,-0.2193312,-0.50260085,0.7586086,0.016260184,0.021664724,1.0172002,0.26684228,97.47000122070312,-0.69006556,1.5634719,-0.8498366,0.6521103,1
1.4402851,-0.93219054,-0.8951653,1.3841579,1.4486072,0.5194322,-0.23057169,-0.9564717,0.0,0.0,0.4842657,0.4842657,0.52897686,-1.8708287,0.4955156,-1.0895199,1.3067621,0.5172722,0.9235784,0.021664724,-0.28956255,1.1494865,93.16999816894531,-0.69006556,1.5634719,-0.8498366,0.33807844,1
-0.8647218,-0.20570685,0.55266726,-0.87861586,-0.56716037,1.229832,1.2830637,0.5097679,0.0,0.0,0.4842657,0.4842657,0.52897686,0.5345225,0.4955156,-1.545504,0.40208066,0.27593628,0.016260184,1.2305561,-0.641163,0.35131416,100.0,1.4491377,1.5634719,-0.8498366,1.4514652,1
-0.8647218,-0.93219054,-0.8951653,-0.87861586,-1.5750442,1.229832,-0.9873894,0.5097679,0.0,0.0,0.4842657,0.4842657,0.52897686,-1.8708287,0.4955156,-0.72821265,1.3067621,-1.1720802,0.016260184,0.021664724,-0.2357344,-1.0191981,80.29000091552734,-0.69006556,-0.6396021,-0.8498366,-0.43272817,1
-0.8647218,-0.93219054,-0.8951653,-0.87861586,-0.56716037,0.5194322,1.2830637,0.5097679,0.0,0.0,0.4842657,0.4842657,-1.8904419,-1.8708287,0.4955156,-1.0041634,-1.4072822,-0.44807193,0.9235784,-1.1872268,0.63467735,-1.0105785,75.62000274658203,-0.69006556,-0.6396021,-0.8498366,-1.7745019,1
-0.8647218,1.2472605,0.55266726,-0.87861586,-0.56716037,0.5194322,-0.9873894,0.5097679,0.0,0.0,0.4842657,0.4842657,0.52897686,0.5345225,0.4955156,-0.37998217,0.40208066,-0.20673606,0.016260184,1.2305561,0.21550527,-0.47099328,94.72000122070312,1.4491377,-0.6396021,-0.8498366,0.8234008,1
0.6719494,-0.93219054,-0.8951653,-0.12435794,1.4486072,-0.9013676,0.526246,0.5097679,0.0,0.0,0.4842657,0.4842657,0.52897686,0.5345225,-2.0181,1.2533137,-0.50260085,-0.20673606,0.016260184,0.021664724,-0.85303956,0.5547359,92.52999877929688,-0.69006556,-0.6396021,1.1766968,0.5379169,1
0.6719494,-0.93219054,-1.6190816,1.3841579,0.44072336,-0.9013676,1.2830637,-0.9564717,0.0,0.0,0.4842657,0.4842657,0.52897686,0.5345225,0.4955156,0.42285395,0.40208066,-0.20673606,0.016260184,1.2305561,0.7732561,0.39268798,90.63999938964844,1.4491377,-0.6396021,1.1766968,1.1088847,1
-0.8647218,-0.93219054,-1.6190816,-1.6328738,-0.56716037,-0.19096772,0.526246,1.2428876,0.0,0.0,0.4842657,0.4842657,0.52897686,0.5345225,0.4955156,1.6210316,0.40208066,-1.4134166,-1.7983764,1.2305561,-0.15900084,-1.5949856,82.5199966430664,1.4491377,-0.6396021,1.1766968,0.10969126,1
1.4402851,0.5207768,0.55266726,1.3841579,1.4486072,0.5194322,-0.23057169,-0.9564717,0.0,0.0,0.4842657,-2.064982,0.52897686,0.5345225,0.4955156,-1.0292187,1.3067621,1.4826168,0.9235784,0.021664724,-0.5357975,0.6788578,100.0,-0.69006556,1.5634719,-0.8498366,-0.118695915,1
1.4402851,-1.6586741,-0.8951653,-0.12435794,-0.56716037,1.229832,0.526246,1.2428876,0.0,0.0,0.4842657,0.4842657,0.52897686,0.5345225,0.4955156,-0.62020785,0.40208066,0.5172722,0.016260184,1.2305561,1.727273,1.4115214,95.69000244140625,1.4491377,1.5634719,-0.8498366,1.7654976,1
-1.6330574,1.2472605,0.55266726,-0.87861586,-0.56716037,1.229832,0.526246,-0.9564717,0.0,0.0,0.4842657,0.4842657,-1.8904419,0.5345225,0.4955156,0.14400186,1.3067621,-0.20673606,-0.8910581,0.021664724,-0.15900084,-0.41755188,100.0,-0.69006556,1.5634719,-0.8498366,0.25243336,1
-0.096386194,0.5207768,-0.17124902,-0.12435794,1.4486072,-0.9013676,1.2830637,-0.9564717,0.0,0.0,0.4842657,0.4842657,-1.8904419,0.5345225,0.4955156,0.035114735,-0.50260085,0.27593628,0.9235784,0.021664724,-1.4359864,1.2253388,100.0,-0.69006556,-0.6396021,-0.8498366,0.30953008,1
1.4402851,1.2472605,1.2765836,1.3841579,0.44072336,-0.9013676,1.2830637,1.2428876,0.0,0.0,-2.064982,-2.064982,0.52897686,0.5345225,0.4955156,-1.664115,1.3067621,2.4479616,0.9235784,-1.1872268,0.11013964,0.5030185,100.0,-0.69006556,-0.6396021,-0.8498366,-1.1178892,1
1.4402851,-0.93219054,-0.8951653,1.3841579,1.4486072,0.5194322,0.526246,1.2428876,0.0,0.0,0.4842657,0.4842657,0.52897686,-1.8708287,0.4955156,-0.80112964,1.3067621,1.2412809,0.016260184,0.021664724,-0.8896885,1.382215,95.05000305175781,-0.69006556,1.5634719,-0.8498366,0.42372346,1
0.6719494,-0.20570685,0.55266726,0.6299,-0.56716037,0.5194322,0.526246,-0.2233519,0.0,0.0,0.4842657,-2.064982,0.52897686,0.5345225,0.4955156,1.0005312,1.3067621,0.7586086,0.9235784,0.021664724,-1.1290517,1.4408281,100.0,-0.69006556,1.5634719,1.1766968,0.0811429,1
-0.8647218,1.2472605,1.2765836,-0.87861586,-0.56716037,-0.9013676,-0.9873894,0.5097679,0.0,0.0,0.4842657,0.4842657,0.52897686,0.5345225,0.4955156,1.3743099,0.40208066,-0.20673606,0.9235784,1.2305561,-0.38003954,-0.36928225,100.0,1.4491377,-0.6396021,1.1766968,0.25243336,1
-0.8647218,-0.93219054,-0.8951653,-0.87861586,-0.56716037,1.229832,-1.7442071,-0.9564717,0.0,0.0,-2.064982,0.4842657,0.52897686,0.5345225,0.4955156,-0.38967794,-0.50260085,-1.896089,-0.8910581,0.021664724,-0.6583422,-1.1519395,84.05999755859375,-0.69006556,-0.6396021,-0.8498366,-0.83240527,1
1.4402851,0.5207768,0.55266726,0.6299,1.4486072,-0.9013676,0.526246,-0.9564717,0.0,0.0,0.4842657,0.4842657,0.52897686,0.5345225,0.4955156,0.6378276,0.40208066,0.99994445,0.9235784,1.2305561,1.4386626,0.42027065,100.0,1.4491377,-0.6396021,1.1766968,0.9661429,1
-0.8647218,-1.6586741,-0.8951653,-1.6328738,-0.56716037,-0.9013676,0.526246,0.5097679,0.0,0.0,0.4842657,0.4842657,-1.8904419,0.5345225,-2.0181,0.8530364,-1.4072822,-1.896089,-1.7983764,-1.1872268,-1.6501535,1.1029409,65.58000183105469,-0.69006556,-0.6396021,1.1766968,-0.80385673,0
0.6719494,0.5207768,0.55266726,-0.12435794,0.44072336,-1.6117674,-0.9873894,-0.9564717,0.0,0.0,0.4842657,-2.064982,0.52897686,0.5345225,-2.0181,1.0880086,-1.4072822,-0.9307443,-0.8910581,-1.1872268,-1.2584682,0.37544885,88.0999984741211,-0.69006556,-0.6396021,1.1766968,-1.5461148,1
-0.8647218,0.5207768,1.2765836,-0.87861586,-0.56716037,-1.6117674,0.526246,1.2428876,0.0,0.0,0.4842657,0.4842657,0.52897686,0.5345225,0.4955156,1.5344049,0.40208066,0.034600396,0.016260184,1.2305561,-1.0992745,-1.2260678,100.0,1.4491377,-0.6396021,1.1766968,0.2809814,1
-0.096386194,1.2472605,0.55266726,0.6299,-0.56716037,-0.9013676,-0.9873894,0.5097679,0.0,0.0,0.4842657,0.4842657,-1.8904419,-1.8708287,0.4955156,1.4272245,-1.4072822,0.27593628,0.9235784,-1.1872268,1.0458323,-1.2881287,85.12999725341797,-0.69006556,-0.6396021,1.1766968,-0.83240527,1
-0.8647218,0.5207768,1.2765836,-0.87861586,-0.56716037,1.229832,-0.9873894,1.2428876,0.0,0.0,0.4842657,-2.064982,0.52897686,0.5345225,0.4955156,-0.98693585,1.3067621,0.5172722,0.9235784,0.021664724,-1.0637708,-0.14862126,100.0,-0.69006556,-0.6396021,-0.8498366,-0.23288932,1
1.4402851,-0.20570685,0.55266726,0.6299,-0.56716037,-1.6117674,-1.7442071,-0.9564717,0.0,0.0,-2.064982,0.4842657,0.52897686,-1.8708287,0.4955156,-0.35650888,-1.4072822,-0.6894084,-0.8910581,-1.1872268,-0.5254899,-0.4089323,79.01000213623047,-0.69006556,-0.6396021,-0.8498366,-1.4033729,1
1.4402851,-0.93219054,-0.8951653,1.3841579,1.4486072,1.229832,-0.23057169,-0.9564717,0.0,0.0,0.4842657,0.4842657,0.52897686,0.5345225,0.4955156,-1.1327095,0.40208066,0.7586086,0.9235784,1.2305561,-1.1931872,1.4787542,94.2699966430664,1.4491377,1.5634719,-0.8498366,1.5085623,1
1.4402851,1.2472605,0.55266726,-0.12435794,0.44072336,0.5194322,0.526246,-0.2233519,0.0,0.0,-2.064982,0.4842657,0.52897686,0.5345225,0.4955156,-1.0847137,1.3067621,1.4826168,0.9235784,0.021664724,0.40218568,0.84952533,100.0,-0.69006556,1.5634719,-0.8498366,0.5950136,1
-0.8647218,-0.93219054,-1.6190816,-0.87861586,-0.56716037,1.229832,-1.7442071,-1.6895915,0.0,0.0,-2.064982,0.4842657,0.52897686,0.5345225,-2.0181,-0.46438855,-1.4072822,-2.137425,-1.7983764,-1.1872268,1.6345054,1.3304976,53.09374809265137,-0.69006556,-0.6396021,-0.8498366,-0.83240527,0
-0.8647218,-0.93219054,-0.8951653,-0.87861586,-0.56716037,1.229832,-0.23057169,1.2428876,0.0,0.0,-2.064982,-2.064982,0.52897686,0.5345225,0.4955156,-0.7219142,1.3067621,-0.44807193,0.9235784,-1.1872268,1.1729583,0.634036,65.02999877929688,-0.69006556,-0.6396021,-0.8498366,-0.83240527,0
0.6719494,0.5207768,0.55266726,-0.12435794,-0.56716037,0.5194322,-0.9873894,1.2428876,0.0,0.0,0.4842657,0.4842657,0.52897686,0.5345225,0.4955156,1.1173061,0.40208066,0.7586086,0.9235784,1.2305561,-0.8736546,-0.50374764,100.0,1.4491377,-0.6396021,1.1766968,0.6521103,1
-0.8647218,-0.93219054,-0.8951653,-0.87861586,-0.56716037,-1.6117674,1.2830637,0.5097679,0.0,0.0,0.4842657,0.4842657,0.52897686,0.5345225,-2.0181,-0.28958696,-0.50260085,-1.4134166,-0.8910581,0.021664724,0.26933342,-1.6518748,85.56999969482422,-0.69006556,-0.6396021,-0.8498366,-0.17579262,1
0.6719494,0.5207768,1.2765836,0.6299,1.4486072,1.229832,-0.9873894,-0.9564717,0.0,0.0,0.4842657,0.4842657,0.52897686,0.5345225,0.4955156,-0.20252645,0.40208066,1.2412809,0.9235784,1.2305561,0.86831415,-0.16930817,100.0,1.4491377,-0.6396021,-0.8498366,0.99469095,1
-0.096386194,-0.93219054,-0.8951653,1.3841579,0.44072336,-0.19096772,0.526246,0.5097679,0.0,0.0,0.4842657,0.4842657,0.52897686,0.5345225,0.4955156,-0.29165557,1.3067621,0.27593628,0.9235784,1.2305561,1.5360115,-1.0071307,76.63999938964844,1.4491377,1.5634719,-0.8498366,1.1659814,1
0.6719494,1.2472605,1.2765836,0.6299,0.44072336,-0.9013676,0.526246,-0.9564717,0.0,0.0,0.4842657,0.4842657,0.52897686,0.5345225,0.4955156,0.34496295,0.40208066,0.99994445,0.9235784,1.2305561,1.2164787,0.12720524,100.0,1.4491377,-0.6396021,1.1766968,0.9661429,1
-0.096386194,0.5207768,0.55266726,1.3841579,-0.56716037,-1.6117674,1.2830637,-1.6895915,0.0,0.0,-2.064982,0.4842657,0.52897686,0.5345225,0.4955156,0.74887025,-0.50260085,-0.44807193,-2.7056947,0.021664724,0.8007427,1.4080737,82.9800033569336,-0.69006556,-0.6396021,1.1766968,0.024046194,1
1.4402851,0.5207768,1.2765836,1.3841579,-0.56716037,-0.19096772,-0.23057169,-0.9564717,0.0,0.0,0.4842657,0.4842657,0.52897686,0.5345225,0.4955156,0.069495566,0.40208066,0.99994445,0.9235784,1.2305561,1.2531277,-1.2329636,100.0,1.4491377,1.5634719,-0.8498366,0.9661429,1
0.6719494,-1.6586741,-0.8951653,0.6299,-0.56716037,-2.3221674,-0.9873894,-0.2233519,0.0,0.0,0.4842657,0.4842657,-1.8904419,-1.8708287,0.4955156,-0.3443659,-1.4072822,-1.6547525,-0.8910581,-1.1872268,0.12273774,1.6183912,57.70000076293945,-0.69006556,-0.6396021,-0.8498366,-1.3462762,0
-1.6330574,1.2472605,1.2765836,-0.87861586,-0.56716037,-0.19096772,1.2830637,-0.2233519,0.0,0.0,-2.064982,0.4842657,0.52897686,0.5345225,0.4955156,-1.3602159,-0.50260085,0.034600396,-0.8910581,0.021664724,-0.9240469,-0.23826478,98.06999969482422,-0.69006556,1.5634719,-0.8498366,0.5950136,1
-0.8647218,1.2472605,1.2765836,-0.87861586,-0.56716037,0.5194322,1.2830637,-0.9564717,0.0,0.0,-2.064982,0.4842657,-1.8904419,0.5345225,0.4955156,1.3506612,1.3067621,0.5172722,0.9235784,-1.1872268,0.81563133,0.79091233,100.0,-0.69006556,1.5634719,1.1766968,-0.26143768,1
1.4402851,1.2472605,1.2765836,1.3841579,1.4486072,-1.6117674,1.2830637,-0.2233519,0.0,0.0,-2.064982,0.4842657,0.52897686,0.5345225,0.4955156,0.43166742,1.3067621,1.9652891,0.016260184,0.021664724,-1.4978315,-1.0536765,100.0,-0.69006556,-0.6396021,1.1766968,0.024046194,1
-0.096386194,1.2472605,1.2765836,-0.12435794,1.4486072,-0.19096772,0.526246,-0.9564717,0.0,0.0,0.4842657,0.4842657,0.52897686,0.5345225,0.4955156,0.16249289,0.40208066,0.99994445,0.9235784,1.2305561,1.1420358,-0.5882195,100.0,1.4491377,1.5634719,-0.8498366,1.2516265,1
-0.8647218,1.2472605,1.2765836,-0.87861586,-0.56716037,-0.9013676,1.2830637,-1.6895915,0.0,0.0,0.4842657,0.4842657,-1.8904419,-1.8708287,0.4955156,-0.5930825,-1.4072822,-0.44807193,-0.8910581,-1.1872268,0.04485885,1.2236148,86.2699966430664,-0.69006556,-0.6396021,-0.8498366,-0.91805047,1
1.4402851,1.2472605,-0.17124902,0.6299,-0.56716037,0.5194322,-0.9873894,-0.2233519,0.0,0.0,-2.064982,0.4842657,0.52897686,0.5345225,0.4955156,0.49910462,-0.50260085,0.7586086,0.9235784,0.021664724,0.87175,-0.879561,100.0,-0.69006556,-0.6396021,1.1766968,0.024046194,1
-0.8647218,-0.93219054,-0.8951653,-0.87861586,-0.56716037,1.229832,-0.9873894,-0.2233519,0.0,0.0,0.4842657,0.4842657,0.52897686,0.5345225,0.4955156,-0.38762146,0.40208066,-1.1720802,0.9235784,1.2305561,0.77096546,1.3115344,79.26000213623047,1.4491377,-0.6396021,-0.8498366,0.1382396,1
1.4402851,0.5207768,0.55266726,1.3841579,1.4486072,1.229832,-0.9873894,0.5097679,0.0,0.0,0.4842657,0.4842657,0.52897686,0.5345225,0.4955156,-1.1073668,0.40208066,1.9652891,0.9235784,1.2305561,1.6952051,-0.6209739,100.0,1.4491377,-0.6396021,-0.8498366,1.3658199,1
-0.096386194,-0.93219054,-0.8951653,0.6299,0.44072336,1.229832,0.526246,-0.9564717,0.0,0.0,0.4842657,0.4842657,0.52897686,0.5345225,0.4955156,0.9377786,0.40208066,0.034600396,0.9235784,1.2305561,1.3676554,0.5012945,98.76000213623047,1.4491377,1.5634719,1.1766968,1.4229165,1
-0.8647218,-0.20570685,1.2765836,-0.87861586,-0.56716037,-0.19096772,0.526246,-0.2233519,0.0,0.0,0.4842657,0.4842657,-1.8904419,0.5345225,0.4955156,1.4507326,1.3067621,-0.20673606,0.9235784,0.021664724,1.0721737,-1.3898398,97.3499984741211,-0.69006556,1.5634719,1.1766968,-0.3185344,1
-0.096386194,-0.93219054,-0.8951653,0.6299,1.4486072,1.229832,-0.23057169,0.5097679,0.0,0.0,0.4842657,0.4842657,-1.8904419,0.5345225,0.4955156,1.3243589,1.3067621,0.5172722,0.9235784,0.021664724,0.53503805,-0.6364891,95.37999725341797,-0.69006556,1.5634719,1.1766968,-0.23288932,1
1.4402851,-0.93219054,-0.8951653,0.6299,1.4486072,0.5194322,-0.23057169,0.5097679,0.0,0.0,0.4842657,0.4842657,0.52897686,0.5345225,0.4955156,1.1814994,1.3067621,0.7586086,0.9235784,1.2305561,-1.1061461,-1.7001444,100.0,1.4491377,1.5634719,1.1766968,1.2230781,1
1.4402851,1.2472605,-0.17124902,-0.12435794,0.44072336,1.229832,-0.9873894,0.5097679,0.0,0.0,0.4842657,0.4842657,0.52897686,-1.8708287,-2.0181,1.260557,1.3067621,1.2412809,0.9235784,-1.1872268,-1.6959646,0.0030833355,100.0,-0.69006556,-0.6396021,1.1766968,0.709207,1
0.6719494,-0.93219054,-0.8951653,1.3841579,1.4486072,1.229832,-0.9873894,1.2428876,0.0,0.0,0.4842657,0.4842657,0.52897686,0.5345225,0.4955156,-1.2145491,0.40208066,0.99994445,0.9235784,1.2305561,0.9129801,-1.3915637,94.08000183105469,1.4491377,-0.6396021,-0.8498366,1.2516265,1
0.6719494,0.5207768,1.2765836,-0.12435794,-0.56716037,1.229832,-0.9873894,1.2428876,0.0,0.0,0.4842657,0.4842657,0.52897686,0.5345225,0.4955156,-1.3037682,0.40208066,1.2412809,0.9235784,1.2305561,-0.7682889,-0.5158151,100.0,1.4491377,-0.6396021,-0.8498366,0.99469095,1
-0.096386194,-0.20570685,1.2765836,-0.12435794,0.44072336,1.229832,-0.9873894,-1.6895915,0.0,0.0,0.4842657,0.4842657,-1.8904419,-1.8708287,0.4955156,0.3384779,-1.4072822,0.034600396,0.016260184,-1.1872268,1.4260647,0.58921415,85.13999938964844,-0.69006556,-0.6396021,1.1766968,-1.4319212,1
-0.096386194,-0.93219054,-0.8951653,0.6299,-0.56716037,0.5194322,0.526246,1.2428876,0.0,0.0,0.4842657,0.4842657,0.52897686,0.5345225,0.4955156,-1.5998272,1.3067621,0.034600396,0.016260184,1.2305561,-0.2620758,0.7254034,85.11000061035156,1.4491377,1.5634719,-0.8498366,1.137433,1
-0.8647218,-0.20570685,0.55266726,-0.87861586,-0.56716037,1.229832,-0.9873894,-0.9564717,0.0,0.0,0.4842657,-2.064982,0.52897686,0.5345225,-2.0181,-0.65236974,-1.4072822,-0.6894084,0.9235784,-1.1872268,-0.59535193,1.1960322,82.52999877929688,-0.69006556,-0.6396021,-0.8498366,-0.37563112,1
-1.6330574,-1.6586741,-0.8951653,-0.87861586,-1.5750442,-0.9013676,0.526246,1.2428876,0.0,0.0,-2.064982,-2.064982,0.52897686,0.5345225,-2.0181,-0.81534326,1.3067621,-1.896089,-2.7056947,-2.3961184,1.0229267,-0.00381244,53.09374809265137,-0.69006556,-0.6396021,-0.8498366,-1.4033729,0
-0.8647218,1.2472605,0.55266726,-0.87861586,-0.56716037,-0.9013676,-1.7442071,-0.2233519,0.0,0.0,0.4842657,0.4842657,0.52897686,-1.8708287,0.4955156,1.0685481,-0.50260085,-1.1720802,-0.8910581,0.021664724,-1.1153084,1.6252869,79.7300033569336,-0.69006556,-0.6396021,1.1766968,-0.43272817,1
-0.8647218,0.5207768,0.55266726,-1.6328738,-1.5750442,1.229832,-0.9873894,-0.9564717,0.0,0.0,-2.064982,0.4842657,-1.8904419,0.5345225,0.4955156,1.2369479,-1.4072822,-0.9307443,-0.8910581,-1.1872268,1.5795321,-1.0829829,80.13999938964844,-0.69006556,-0.6396021,1.1766968,-1.4033729,1
1.4402851,0.5207768,1.2765836,0.6299,0.44072336,-0.9013676,-0.9873894,0.5097679,0.0,0.0,0.4842657,0.4842657,0.52897686,0.5345225,0.4955156,1.3763467,0.40208066,0.99994445,0.9235784,1.2305561,1.4776024,-1.0123025,100.0,1.4491377,-0.6396021,1.1766968,0.39517513,1
-0.096386194,0.5207768,-0.17124902,1.3841579,1.4486072,0.5194322,-0.9873894,0.5097679,0.0,0.0,0.4842657,0.4842657,0.52897686,-1.8708287,0.4955156,1.6125511,-0.50260085,0.5172722,-0.8910581,0.021664724,0.32201624,0.035837602,89.63999938964844,-0.69006556,-0.6396021,1.1766968,0.33807844,1
0.6719494,-0.93219054,-0.8951653,0.6299,1.4486072,0.5194322,0.526246,1.2428876,0.0,0.0,-2.064982,0.4842657,0.52897686,-1.8708287,0.4955156,-1.2370094,1.3067621,0.99994445,0.9235784,-1.1872268,-0.27352858,-1.4122506,84.5199966430664,-0.69006556,1.5634719,-0.8498366,-0.83240527,1
-0.8647218,1.2472605,1.2765836,-0.87861586,-0.56716037,1.229832,0.526246,-0.9564717,0.0,0.0,0.4842657,0.4842657,0.52897686,0.5345225,0.4955156,-1.607993,1.3067621,0.5172722,0.9235784,1.2305561,0.42623654,1.2322344,100.0,1.4491377,1.5634719,-0.8498366,1.7654976,1
-0.8647218,-0.93219054,-0.8951653,-0.87861586,-0.56716037,1.229832,0.526246,0.5097679,0.0,0.0,0.4842657,0.4842657,-1.8904419,0.5345225,-2.0181,-0.3871452,1.3067621,-0.44807193,0.9235784,-1.1872268,-0.5449597,-0.536502,90.19000244140625,-0.69006556,-0.6396021,-0.8498366,-0.63256663,1
-0.096386194,0.5207768,1.2765836,0.6299,-0.56716037,-0.19096772,1.2830637,-0.9564717,0.0,0.0,0.4842657,0.4842657,0.52897686,0.5345225,0.4955156,-1.3019391,0.40208066,0.7586086,0.9235784,1.2305561,1.5749508,1.3753194,99.37999725341797,1.4491377,1.5634719,-0.8498366,1.2230781,1
0.6719494,1.2472605,1.2765836,0.6299,-0.56716037,1.229832,-1.7442071,-1.6895915,0.0,0.0,-2.064982,0.4842657,0.52897686,0.5345225,0.4955156,0.48195451,1.3067621,0.5172722,-0.8910581,0.021664724,-0.2861267,-0.61925,100.0,-0.69006556,-0.6396021,1.1766968,0.024046194,1
1.4402851,-1.6586741,-0.8951653,1.3841579,0.44072336,0.5194322,-0.9873894,-0.2233519,0.0,0.0,0.4842657,-2.064982,0.52897686,0.5345225,0.4955156,-1.306454,-0.50260085,0.034600396,0.016260184,0.021664724,1.7318541,0.54611635,75.93000030517578,-0.69006556,-0.6396021,-0.8498366,-0.5754699,1
1.4402851,-1.6586741,-0.8951653,1.3841579,1.4486072,-0.9013676,-0.9873894,0.5097679,0.0,0.0,0.4842657,0.4842657,-1.8904419,0.5345225,0.4955156,-0.8378952,-0.50260085,0.034600396,0.016260184,0.021664724,1.3321519,-0.4589258,72.4000015258789,-0.69006556,-0.6396021,-0.8498366,-0.2899862,1
1.4402851,-0.93219054,-0.8951653,0.6299,1.4486072,1.229832,-0.23057169,-0.2233519,0.0,0.0,0.4842657,0.4842657,0.52897686,0.5345225,0.4955156,-1.1285354,0.40208066,0.5172722,0.016260184,1.2305561,-1.446294,1.3080866,99.13999938964844,1.4491377,1.5634719,-0.8498366,1.4800136,1
0.6719494,-0.93219054,-2.3429978,0.6299,1.4486072,-0.9013676,-0.9873894,1.2428876,0.0,0.0,-2.064982,0.4842657,-1.8904419,0.5345225,0.4955156,-1.6250943,-1.4072822,-1.1720802,-1.7983764,-1.1872268,1.4249195,0.46509245,57.47999954223633,-0.69006556,-0.6396021,-0.8498366,-1.4033729,0
-0.8647218,1.2472605,1.2765836,-0.87861586,-1.5750442,-0.9013676,-0.9873894,1.2428876,0.0,0.0,-2.064982,0.4842657,0.52897686,0.5345225,0.4955156,0.6765916,-0.50260085,-0.20673606,0.016260184,0.021664724,-1.2458701,-1.3553615,94.0199966430664,-0.69006556,-0.6396021,1.1766968,-0.5469216,1
-0.8647218,0.5207768,0.55266726,-0.87861586,-0.56716037,0.5194322,-0.9873894,-0.9564717,0.0,0.0,-2.064982,0.4842657,0.52897686,0.5345225,0.4955156,0.34613916,-0.50260085,-0.9307443,0.016260184,0.021664724,1.6974957,1.5166805,86.0,-0.69006556,-0.6396021,1.1766968,-0.26143768,1
-0.096386194,1.2472605,1.2765836,0.6299,-0.56716037,-0.19096772,1.2830637,-0.9564717,0.0,0.0,0.4842657,0.4842657,0.52897686,-1.8708287,-2.0181,-0.61437243,1.3067621,0.99994445,0.9235784,-1.1872268,-1.2057854,1.4270368,100.0,-0.69006556,1.5634719,-0.8498366,0.10969126,1
1.4402851,-0.20570685,1.2765836,-0.12435794,-0.56716037,-0.19096772,-0.9873894,1.2428876,0.0,0.0,0.4842657,0.4842657,0.52897686,0.5345225,-2.0181,-0.008333297,-0.50260085,0.7586086,0.9235784,0.021664724,0.01966264,1.6614892,98.30000305175781,-0.69006556,-0.6396021,-0.8498366,0.6521103,1
-0.8647218,1.2472605,1.2765836,-1.6328738,-0.56716037,-0.9013676,-1.7442071,1.2428876,0.0,0.0,0.4842657,-2.064982,-1.8904419,0.5345225,0.4955156,0.54999655,-1.4072822,-0.6894084,-1.7983764,-1.1872268,0.568251,0.07203986,72.93000030517578,-0.69006556,-0.6396021,1.1766968,-2.088534,1
1.4402851,-0.93219054,-2.3429978,0.6299,-0.56716037,-0.19096772,0.526246,-0.9564717,0.0,0.0,0.4842657,0.4842657,0.52897686,-1.8708287,0.4955156,0.09638883,-0.50260085,-0.6894084,0.016260184,0.021664724,-0.4350129,-1.5742986,91.63999938964844,-0.69006556,1.5634719,-0.8498366,-0.09014722,1
-1.6330574,0.5207768,1.2765836,-0.87861586,-1.5750442,-0.19096772,-0.9873894,1.2428876,0.0,0.0,-2.064982,0.4842657,-1.8904419,0.5345225,0.4955156,-1.4476151,1.3067621,-0.44807193,-0.8910581,-1.1872268,0.20290717,-0.015879791,73.83000183105469,-0.69006556,-0.6396021,-0.8498366,-1.4033729,1
-0.8647218,1.2472605,-0.17124902,-0.87861586,-0.56716037,1.229832,-0.9873894,-0.2233519,0.0,0.0,0.4842657,-2.064982,0.52897686,-1.8708287,0.4955156,1.0138639,-1.4072822,-0.6894084,0.016260184,-1.1872268,-1.0213956,-0.4658215,94.26000213623047,-0.69006556,-0.6396021,1.1766968,-0.9465988,1
-1.6330574,0.5207768,1.2765836,-0.87861586,-0.56716037,-0.9013676,1.2830637,0.5097679,0.0,0.0,0.4842657,0.4842657,0.52897686,0.5345225,0.4955156,-1.6196995,0.40208066,0.034600396,0.016260184,1.2305561,1.4867644,-0.8364632,86.31999969482422,1.4491377,-0.6396021,-0.8498366,0.85194916,1
-0.096386194,-0.93219054,-0.8951653,-0.12435794,1.4486072,-0.19096772,1.2830637,1.2428876,0.0,0.0,0.4842657,-2.064982,0.52897686,0.5345225,-2.0181,1.718413,1.3067621,0.5172722,0.9235784,-1.1872268,-1.1496667,-1.0502286,99.77999877929688,-0.69006556,1.5634719,1.1766968,0.05259455,1
-0.096386194,-0.93219054,-0.8951653,-0.12435794,0.44072336,1.229832,-0.9873894,1.2428876,0.0,0.0,0.4842657,0.4842657,0.52897686,0.5345225,0.4955156,-1.3719243,0.40208066,0.034600396,0.9235784,1.2305561,-0.35598868,-1.5915377,93.1500015258789,1.4491377,-0.6396021,-0.8498366,0.56646526,1
-0.8647218,1.2472605,1.2765836,-0.87861586,-0.56716037,1.229832,1.2830637,-0.9564717,0.0,0.0,0.4842657,0.4842657,0.52897686,0.5345225,0.4955156,1.313565,1.3067621,0.7586086,0.9235784,1.2305561,0.740043,0.22374445,100.0,1.4491377,1.5634719,1.1766968,2.0795298,1
0.6719494,-0.93219054,-0.8951653,0.6299,-0.56716037,0.5194322,1.2830637,0.5097679,0.0,0.0,0.4842657,0.4842657,0.52897686,0.5345225,0.4955156,-1.1322858,0.40208066,0.27593628,0.016260184,1.2305561,-0.4453205,-1.6001574,97.5999984741211,1.4491377,1.5634719,-0.8498366,1.4514652,1
-0.096386194,-0.93219054,-0.8951653,1.3841579,1.4486072,1.229832,1.2830637,0.5097679,0.0,0.0,0.4842657,0.4842657,0.52897686,-1.8708287,0.4955156,-0.14731921,-0.50260085,0.99994445,0.016260184,0.021664724,-1.0042163,-1.6725618,92.0199966430664,-0.69006556,1.5634719,-0.8498366,0.680659,1
-0.8647218,-0.93219054,-0.8951653,-0.87861586,-0.56716037,0.5194322,1.2830637,1.2428876,0.0,0.0,0.4842657,0.4842657,0.52897686,0.5345225,0.4955156,-0.73874766,0.40208066,-0.44807193,0.016260184,1.2305561,-1.5447879,0.113413885,100.0,1.4491377,-0.6396021,-0.8498366,0.79485244,1
1.4402851,1.2472605,-0.17124902,1.3841579,1.4486072,-0.9013676,-0.9873894,-0.9564717,0.0,0.0,0.4842657,0.4842657,0.52897686,0.5345225,0.4955156,0.39780506,0.40208066,0.7586086,0.9235784,1.2305561,0.5316022,1.0064017,92.97000122070312,1.4491377,-0.6396021,1.1766968,0.36662677,1
1.4402851,1.2472605,1.2765836,0.6299,-0.56716037,0.5194322,-0.9873894,-0.2233519,0.0,0.0,0.4842657,0.4842657,0.52897686,0.5345225,-2.0181,0.97266716,1.3067621,1.2412809,0.9235784,0.021664724,1.1351641,-1.0260937,100.0,-0.69006556,-0.6396021,1.1766968,0.99469095,1
-0.096386194,1.2472605,0.55266726,1.3841579,-0.56716037,-1.6117674,0.526246,1.2428876,0.0,0.0,0.4842657,0.4842657,0.52897686,0.5345225,0.4955156,0.18997483,0.40208066,0.99994445,0.016260184,1.2305561,0.8992366,1.6390784,89.80000305175781,1.4491377,-0.6396021,-0.8498366,0.680659,1
0.6719494,-1.6586741,-0.8951653,1.3841579,1.4486072,-0.19096772,0.526246,-0.9564717,0.0,0.0,-2.064982,0.4842657,0.52897686,0.5345225,-2.0181,-1.6545244,-1.4072822,0.034600396,0.016260184,-1.1872268,0.7995975,-0.44685847,77.56999969482422,-0.69006556,1.5634719,-0.8498366,0.30953008,1
1.4402851,-0.93219054,-0.8951653,1.3841579,1.4486072,1.229832,0.526246,0.5097679,0.0,0.0,-2.064982,0.4842657,0.52897686,0.5345225,0.4955156,-0.25948873,1.3067621,1.4826168,0.9235784,0.021664724,-0.18419692,1.3098106,98.77999877929688,-0.69006556,1.5634719,-0.8498366,0.8804975,1
0.6719494,-0.20570685,0.55266726,-0.12435794,0.44072336,-1.6117674,-0.9873894,0.5097679,0.0,0.0,0.4842657,0.4842657,0.52897686,-1.8708287,-2.0181,0.7734834,-1.4072822,-0.44807193,-0.8910581,-1.1872268,0.90496314,1.1701734,84.2699966430664,-0.69006556,-0.6396021,1.1766968,-0.91805047,1
-0.8647218,0.5207768,1.2765836,-0.87861586,-0.56716037,0.5194322,-0.9873894,1.2428876,0.0,0.0,0.4842657,-2.064982,0.52897686,0.5345225,0.4955156,1.3066473,-0.50260085,0.034600396,0.016260184,0.021664724,-1.1416498,-0.49340418,97.08000183105469,-0.69006556,-0.6396021,1.1766968,-0.5754699,1
-0.8647218,1.2472605,0.55266726,-0.87861586,-0.56716037,1.229832,-0.23057169,1.2428876,0.0,0.0,0.4842657,0.4842657,0.52897686,0.5345225,-2.0181,0.51965934,1.3067621,0.7586086,0.9235784,0.021664724,-0.15098378,1.4459999,100.0,-0.69006556,1.5634719,1.1766968,1.5085623,1
0.6719494,1.2472605,0.55266726,-0.12435794,-0.56716037,-0.9013676,1.2830637,0.5097679,0.0,0.0,0.4842657,0.4842657,0.52897686,0.5345225,0.4955156,-1.65845,0.40208066,0.99994445,0.9235784,1.2305561,-0.6743761,0.16513129,100.0,1.4491377,-0.6396021,-0.8498366,1.2516265,1
0.6719494,-1.6586741,-1.6190816,1.3841579,1.4486072,-1.6117674,0.526246,-0.9564717,0.0,0.0,0.4842657,0.4842657,0.52897686,0.5345225,0.4955156,1.4434762,0.40208066,-0.9307443,-2.7056947,1.2305561,0.3575199,-0.4089323,80.01000213623047,1.4491377,-0.6396021,1.1766968,0.45227182,1
1.4402851,-0.93219054,-0.8951653,1.3841579,-0.56716037,0.5194322,-0.9873894,-0.9564717,0.0,0.0,0.4842657,0.4842657,0.52897686,0.5345225,0.4955156,-0.7087256,0.40208066,-0.44807193,0.016260184,1.2305561,0.34950286,-0.25033215,92.69000244140625,1.4491377,-0.6396021,-0.8498366,0.79485244,1
-0.096386194,-0.93219054,-0.8951653,-0.12435794,1.4486072,-0.9013676,0.526246,1.2428876,0.0,0.0,0.4842657,-2.064982,0.52897686,0.5345225,0.4955156,0.6794743,-0.50260085,0.034600396,0.9235784,0.021664724,1.5715152,-0.66579556,73.86000061035156,-0.69006556,-0.6396021,1.1766968,-0.5754699,1
-0.096386194,0.5207768,-0.17124902,0.6299,-0.56716037,-1.6117674,0.526246,-0.9564717,0.0,0.0,0.4842657,0.4842657,0.52897686,0.5345225,0.4955156,-0.9752243,0.40208066,-0.6894084,-0.8910581,1.2305561,0.43997985,-0.30032575,86.01000213623047,1.4491377,-0.6396021,-0.8498366,0.19533665,1
-0.096386194,-0.93219054,-2.3429978,1.3841579,1.4486072,0.5194322,-0.9873894,-1.6895915,0.0,0.0,-2.064982,-2.064982,0.52897686,0.5345225,0.4955156,1.0451167,-1.4072822,-0.9307443,-0.8910581,-1.1872268,0.039132465,-0.1882713,73.61000061035156,-0.69006556,-0.6396021,1.1766968,-1.4033729,1
0.6719494,-0.93219054,-0.8951653,1.3841579,1.4486072,0.5194322,-0.9873894,1.2428876,0.0,0.0,0.4842657,0.4842657,0.52897686,-1.8708287,0.4955156,0.12450108,1.3067621,0.7586086,0.9235784,0.021664724,1.6711544,-0.48478463,88.66000366210938,-0.69006556,-0.6396021,-0.8498366,0.36662677,1
1.4402851,-0.93219054,-0.8951653,0.6299,1.4486072,1.229832,0.526246,-0.9564717,0.0,0.0,0.4842657,0.4842657,0.52897686,0.5345225,0.4955156,0.026902953,1.3067621,0.7586086,0.9235784,1.2305561,0.51098716,1.5270238,97.37999725341797,1.4491377,1.5634719,-0.8498366,1.7940459,1
0.6719494,-0.93219054,-0.8951653,0.6299,1.4486072,1.229832,1.2830637,-0.9564717,0.0,0.0,0.4842657,0.4842657,0.52897686,0.5345225,0.4955156,-1.0661068,0.40208066,0.7586086,0.9235784,1.2305561,0.62895083,1.1684496,99.61000061035156,1.4491377,1.5634719,-0.8498366,1.7940459,1
-0.096386194,0.5207768,0.55266726,-0.12435794,0.44072336,-0.19096772,-0.23057169,-0.9564717,0.0,0.0,0.4842657,0.4842657,0.52897686,0.5345225,0.4955156,0.79994833,0.40208066,0.034600396,0.9235784,1.2305561,0.00019294932,0.6271404,99.55999755859375,1.4491377,1.5634719,1.1766968,0.56646526,1
-0.096386194,1.2472605,1.2765836,1.3841579,0.44072336,-0.9013676,1.2830637,1.2428876,0.0,0.0,0.4842657,0.4842657,0.52897686,0.5345225,0.4955156,0.37848404,0.40208066,1.9652891,0.9235784,1.2305561,-1.2367078,0.14789215,100.0,1.4491377,-0.6396021,1.1766968,1.3658199,1
-1.6330574,0.5207768,0.55266726,-0.87861586,-0.56716037,-0.19096772,1.2830637,-0.9564717,0.0,0.0,0.4842657,0.4842657,0.52897686,0.5345225,0.4955156,-0.24061131,0.40208066,-0.44807193,0.016260184,1.2305561,1.0435417,1.4839259,91.05999755859375,1.4491377,1.5634719,-0.8498366,1.0803363,1
-0.8647218,-0.93219054,-0.8951653,-0.87861586,-1.5750442,-0.19096772,1.2830637,1.2428876,0.0,0.0,0.4842657,0.4842657,0.52897686,0.5345225,0.4955156,1.432896,0.40208066,-0.6894084,0.016260184,1.2305561,1.0389606,-1.3467419,86.30999755859375,1.4491377,-0.6396021,1.1766968,0.48082018,1
-0.8647218,-0.20570685,-0.17124902,-0.87861586,-0.56716037,-0.19096772,-0.23057169,0.5097679,0.0,0.0,0.4842657,0.4842657,-1.8904419,0.5345225,0.4955156,0.048775226,1.3067621,-0.6894084,0.9235784,0.021664724,1.1156944,0.50646627,78.02999877929688,-0.69006556,1.5634719,-0.8498366,-0.661115,1
1.4402851,-0.20570685,-0.17124902,1.3841579,1.4486072,-1.6117674,-0.23057169,-0.9564717,0.0,0.0,0.4842657,0.4842657,0.52897686,0.5345225,-2.0181,0.86992896,1.3067621,0.27593628,0.016260184,0.021664724,1.2130427,1.6735566,77.9800033569336,-0.69006556,-0.6396021,1.1766968,0.30953008,1
-0.096386194,-0.93219054,-0.8951653,-0.12435794,0.44072336,0.5194322,1.2830637,1.2428876,0.0,0.0,0.4842657,0.4842657,-1.8904419,0.5345225,0.4955156,0.7078758,-0.50260085,0.5172722,0.9235784,0.021664724,-0.59535193,1.2063757,89.20999908447266,-0.69006556,1.5634719,1.1766968,0.05259455,1
0.6719494,0.5207768,1.2765836,-0.12435794,-0.56716037,0.5194322,-0.9873894,-0.9564717,0.0,0.0,-2.064982,0.4842657,-1.8904419,0.5345225,0.4955156,0.8766354,-1.4072822,0.034600396,0.016260184,-1.1872268,-1.6272479,-0.97954804,100.0,-0.69006556,-0.6396021,1.1766968,-1.4033729,1
1.4402851,-0.20570685,-0.17124902,-0.12435794,1.4486072,1.229832,-0.9873894,-0.9564717,0.0,0.0,0.4842657,-2.064982,0.52897686,-1.8708287,0.4955156,0.7998134,1.3067621,0.5172722,0.9235784,-1.1872268,1.2680162,-1.2536505,99.55000305175781,-0.69006556,-0.6396021,1.1766968,-0.80385673,1
0.6719494,1.2472605,-0.17124902,0.6299,0.44072336,-0.9013676,-0.9873894,1.2428876,0.0,0.0,0.4842657,0.4842657,-1.8904419,0.5345225,0.4955156,-0.36848453,-0.50260085,0.7586086,0.9235784,0.021664724,1.6665733,1.2977431,88.01000213623047,-0.69006556,-0.6396021,-0.8498366,-0.20434098,1
-0.8647218,-0.93219054,-0.8951653,-0.87861586,-0.56716037,0.5194322,0.526246,-0.2233519,0.0,0.0,0.4842657,0.4842657,-1.8904419,0.5345225,0.4955156,0.3833507,-0.50260085,-0.9307443,0.9235784,0.021664724,0.9839874,-1.2726135,81.33000183105469,-0.69006556,-0.6396021,1.1766968,-0.68966335,1
-0.096386194,0.5207768,0.55266726,-0.12435794,-0.56716037,0.5194322,-1.7442071,0.5097679,0.0,0.0,0.4842657,0.4842657,0.52897686,0.5345225,-2.0181,1.6135275,1.3067621,0.034600396,0.016260184,0.021664724,-0.19106863,-0.20723432,99.22000122070312,-0.69006556,-0.6396021,1.1766968,0.2809814,1
-0.8647218,1.2472605,0.55266726,-1.6328738,-1.5750442,-0.19096772,-0.23057169,1.2428876,0.0,0.0,0.4842657,0.4842657,0.52897686,0.5345225,0.4955156,-0.7932931,0.40208066,-0.20673606,-0.8910581,1.2305561,-1.0500275,-1.3208832,100.0,1.4491377,1.5634719,-0.8498366,0.8234008,1
-0.8647218,0.5207768,1.2765836,-1.6328738,-0.56716037,1.229832,-0.9873894,-1.6895915,0.0,0.0,0.4842657,0.4842657,-1.8904419,0.5345225,0.4955156,0.25835183,-0.50260085,-0.6894084,-0.8910581,0.021664724,0.24184668,1.2856758,83.81999969482422,-0.69006556,-0.6396021,-0.8498366,-0.661115,1
-1.6330574,1.2472605,1.2765836,-0.87861586,-0.56716037,-0.9013676,-0.9873894,0.5097679,0.0,0.0,0.4842657,-2.064982,-1.8904419,0.5345225,0.4955156,1.4578031,-1.4072822,-0.44807193,0.016260184,-1.1872268,-0.7797417,-1.2743374,94.05999755859375,-0.69006556,-0.6396021,1.1766968,-1.7745019,1
1.4402851,-0.93219054,-0.8951653,0.6299,0.44072336,-0.19096772,0.526246,-0.2233519,0.0,0.0,0.4842657,-2.064982,0.52897686,-1.8708287,0.4955156,1.1013663,1.3067621,0.27593628,0.9235784,-1.1872268,-0.79921144,0.11858546,97.5999984741211,-0.69006556,1.5634719,1.1766968,-1.4033729,1
-1.6330574,1.2472605,0.55266726,-0.87861586,-0.56716037,-1.6117674,-0.23057169,-0.2233519,0.0,0.0,0.4842657,-2.064982,-1.8904419,0.5345225,0.4955156,1.2052827,-1.4072822,-1.1720802,-1.7983764,-1.1872268,-1.0843859,-0.32273653,86.62999725341797,-0.69006556,-0.6396021,1.1766968,-1.5746632,1
1.4402851,1.2472605,-0.17124902,0.6299,-0.56716037,-0.9013676,-0.9873894,1.2428876,0.0,0.0,0.4842657,0.4842657,0.52897686,0.5345225,-2.0181,0.60877377,-0.50260085,0.7586086,0.9235784,0.021664724,-0.26894754,-0.80370885,100.0,-0.69006556,-0.6396021,1.1766968,0.36662677,1
-0.096386194,1.2472605,1.2765836,1.3841579,1.4486072,-1.6117674,-2.501025,0.5097679,0.0,0.0,0.4842657,-2.064982,0.52897686,0.5345225,0.4955156,1.5520374,-0.50260085,0.5172722,-0.8910581,0.021664724,-0.390347,1.2701607,94.2300033569336,-0.69006556,-0.6396021,1.1766968,-1.9457922,1
-0.096386194,-0.93219054,-0.8951653,1.3841579,-0.56716037,-0.9013676,1.2830637,0.5097679,0.0,0.0,-2.064982,0.4842657,0.52897686,0.5345225,0.4955156,0.34937793,-0.50260085,-0.20673606,0.016260184,0.021664724,-0.9870371,0.19271398,87.38999938964844,-0.69006556,-0.6396021,1.1766968,0.30953008,1
-0.8647218,-0.20570685,1.2765836,-0.87861586,-0.56716037,0.5194322,-0.9873894,-0.9564717,0.0,0.0,0.4842657,0.4842657,0.52897686,0.5345225,0.4955156,-1.2121488,0.40208066,-0.9307443,0.016260184,1.2305561,-1.6673326,-0.25205612,100.0,1.4491377,-0.6396021,-0.8498366,0.16678797,1
-1.6330574,-1.6586741,-0.8951653,-1.6328738,-1.5750442,1.229832,-0.9873894,1.2428876,0.0,0.0,0.4842657,0.4842657,-1.8904419,0.5345225,-2.0181,-0.40163827,-1.4072822,-1.896089,-3.6130128,-1.1872268,-1.1050009,0.2651183,67.33000183105469,-0.69006556,-0.6396021,-0.8498366,-1.6603084,0
-0.8647218,1.2472605,0.55266726,-1.6328738,-0.56716037,-0.19096772,-1.7442071,-0.9564717,0.0,0.0,-2.064982,0.4842657,0.52897686,0.5345225,-2.0181,-0.7387079,-1.4072822,-1.6547525,-2.7056947,-1.1872268,-1.158829,-0.6916544,77.54000091552734,-0.69006556,-0.6396021,-0.8498366,-0.5469216,1
1.4402851,0.5207768,-0.17124902,0.6299,1.4486072,1.229832,-0.9873894,-0.2233519,0.0,0.0,0.4842657,0.4842657,0.52897686,-1.8708287,-2.0181,1.7111124,1.3067621,1.2412809,0.9235784,-1.1872268,-0.016986214,-0.6071825,100.0,-0.69006556,-0.6396021,1.1766968,0.709207,1
-0.096386194,1.2472605,1.2765836,0.6299,1.4486072,0.5194322,-0.9873894,1.2428876,0.0,0.0,-2.064982,0.4842657,0.52897686,0.5345225,0.4955156,0.2565011,1.3067621,1.7239527,0.9235784,0.021664724,-1.0351388,-0.55891293,100.0,-0.69006556,-0.6396021,-0.8498366,0.024046194,1
-0.8647218,-0.20570685,1.2765836,-1.6328738,-0.56716037,-0.9013676,-0.23057169,-0.9564717,0.0,0.0,0.4842657,-2.064982,0.52897686,-1.8708287,0.4955156,-1.3488185,-1.4072822,-1.4134166,-0.8910581,-1.1872268,0.5522172,-0.9450698,71.38999938964844,-0.69006556,-0.6396021,-0.8498366,-1.8886954,1
-0.8647218,-0.20570685,1.2765836,-0.87861586,-0.56716037,0.5194322,1.2830637,-1.6895915,0.0,0.0,0.4842657,0.4842657,0.52897686,-1.8708287,0.4955156,-1.5885893,-0.50260085,-0.44807193,-0.8910581,0.021664724,-1.1725723,0.19098997,94.12000274658203,-0.69006556,1.5634719,-0.8498366,-0.3470829,1
0.6719494,-0.93219054,-0.8951653,-0.12435794,0.44072336,-0.9013676,1.2830637,-0.2233519,0.0,0.0,0.4842657,0.4842657,0.52897686,0.5345225,0.4955156,-0.017518125,0.40208066,-0.44807193,0.016260184,1.2305561,-0.80608314,-0.3054974,95.8499984741211,1.4491377,-0.6396021,-0.8498366,0.79485244,1
0.6719494,-0.93219054,-0.8951653,0.6299,-0.56716037,-0.19096772,1.2830637,0.5097679,0.0,0.0,0.4842657,0.4842657,-1.8904419,0.5345225,0.4955156,-1.1317497,1.3067621,0.27593628,0.9235784,0.021664724,-0.68697417,-0.02105157,85.4800033569336,-0.69006556,1.5634719,-0.8498366,0.30953008,1
-1.6330574,-0.93219054,-0.8951653,-0.87861586,-0.56716037,1.229832,-0.23057169,-0.9564717,0.0,0.0,-2.064982,0.4842657,0.52897686,-1.8708287,0.4955156,-0.48694083,-1.4072822,-1.896089,-1.7983764,-1.1872268,1.5371566,-0.8847328,66.31999969482422,-0.69006556,-0.6396021,-0.8498366,-1.1178892,0
1.4402851,1.2472605,-0.17124902,1.3841579,-0.56716037,1.229832,1.2830637,-0.9564717,0.0,0.0,0.4842657,0.4842657,0.52897686,0.5345225,0.4955156,1.5486336,0.40208066,1.7239527,0.9235784,1.2305561,-0.87938094,-0.34514746,100.0,1.4491377,1.5634719,1.1766968,2.1937232,1
-0.8647218,0.5207768,-0.17124902,-0.87861586,-0.56716037,1.229832,1.2830637,-0.2233519,0.0,0.0,0.4842657,0.4842657,0.52897686,0.5345225,0.4955156,1.5781488,0.40208066,-0.20673606,-0.8910581,1.2305561,1.3069557,1.0960451,100.0,1.4491377,1.5634719,1.1766968,1.6798521,1
-0.096386194,-0.20570685,1.2765836,0.6299,-0.56716037,-0.19096772,0.526246,1.2428876,0.0,0.0,0.4842657,0.4842657,0.52897686,0.5345225,-2.0181,-1.1667367,1.3067621,0.7586086,0.016260184,0.021664724,1.3550574,0.88917536,80.8499984741211,-0.69006556,1.5634719,-0.8498366,0.93759423,1
-0.8647218,-1.6586741,-1.6190816,-1.6328738,-0.56716037,0.5194322,-0.23057169,1.2428876,0.0,0.0,0.4842657,-2.064982,-1.8904419,0.5345225,0.4955156,-1.6317121,-1.4072822,-1.4134166,-1.7983764,-1.1872268,1.3836895,0.12720524,54.040000915527344,-0.69006556,-0.6396021,-0.8498366,-1.6032115,0
-0.8647218,0.5207768,-0.17124902,-1.6328738,-0.56716037,-1.6117674,1.2830637,1.2428876,0.0,0.0,0.4842657,0.4842657,0.52897686,0.5345225,-2.0181,-1.3467206,-0.50260085,-0.44807193,-0.8910581,0.021664724,-0.5048749,1.5356433,88.69000244140625,-0.69006556,-0.6396021,-0.8498366,0.50936854,1
1.4402851,-0.93219054,-1.6190816,-0.12435794,1.4486072,0.5194322,1.2830637,1.2428876,0.0,0.0,0.4842657,0.4842657,0.52897686,0.5345225,0.4955156,0.5299187,1.3067621,0.99994445,0.016260184,1.2305561,-0.53694266,1.2994671,96.37999725341797,1.4491377,1.5634719,1.1766968,1.8225939,1
1.4402851,-1.6586741,-1.6190816,1.3841579,-0.56716037,-1.6117674,-0.9873894,0.5097679,0.0,0.0,0.4842657,0.4842657,0.52897686,0.5345225,0.4955156,-0.6370314,0.40208066,-0.9307443,-1.7983764,1.2305561,-0.25291356,-1.1278048,74.08999633789062,1.4491377,-0.6396021,-0.8498366,-0.118695915,1
-1.6330574,1.2472605,1.2765836,-1.6328738,-0.56716037,-0.9013676,0.526246,-0.9564717,0.0,0.0,0.4842657,0.4842657,0.52897686,0.5345225,0.4955156,1.4802834,0.40208066,-0.6894084,-0.8910581,1.2305561,0.35179353,0.5581839,100.0,1.4491377,-0.6396021,1.1766968,0.7663041,1
0.6719494,0.5207768,1.2765836,1.3841579,1.4486072,-0.9013676,1.2830637,0.5097679,0.0,0.0,0.4842657,0.4842657,0.52897686,-1.8708287,0.4955156,1.4648023,1.3067621,1.9652891,0.9235784,0.021664724,-0.9881825,0.18237041,100.0,-0.69006556,-0.6396021,1.1766968,-0.061599206,1
1.4402851,-1.6586741,-0.8951653,-0.12435794,0.44072336,-0.9013676,1.2830637,-0.2233519,0.0,0.0,-2.064982,0.4842657,0.52897686,0.5345225,0.4955156,-0.8233565,-0.50260085,-0.20673606,0.016260184,0.021664724,1.5680794,0.1858182,77.91000366210938,-0.69006556,-0.6396021,-0.8498366,0.30953008,1
-0.8647218,1.2472605,0.55266726,-1.6328738,-0.56716037,0.5194322,1.2830637,1.2428876,0.0,0.0,0.4842657,0.4842657,0.52897686,0.5345225,-2.0181,-0.5378455,-0.50260085,0.5172722,-0.8910581,0.021664724,0.6026094,-1.2329636,100.0,-0.69006556,1.5634719,-0.8498366,1.7654976,1
-1.6330574,-0.93219054,-0.8951653,-1.6328738,-1.5750442,-0.19096772,1.2830637,1.2428876,0.0,0.0,0.4842657,0.4842657,0.52897686,0.5345225,-2.0181,-1.5622872,-0.50260085,-1.4134166,-2.7056947,0.021664724,-0.39263767,0.98743856,71.0,-0.69006556,-0.6396021,-0.8498366,0.39517513,1
-0.8647218,-0.93219054,-2.3429978,-0.87861586,-0.56716037,-1.6117674,1.2830637,-0.2233519,0.0,0.0,0.4842657,0.4842657,-1.8904419,-1.8708287,0.4955156,-0.768886,-1.4072822,-1.896089,-0.8910581,-1.1872268,-0.29643428,1.6735566,64.94999694824219,-0.69006556,-0.6396021,-0.8498366,-1.9457922,0
-0.096386194,-0.20570685,1.2765836,1.3841579,-0.56716037,-0.19096772,0.526246,1.2428876,0.0,0.0,-2.064982,0.4842657,0.52897686,0.5345225,-2.0181,0.6126133,1.3067621,1.2412809,0.9235784,-1.1872268,1.600147,-0.4692694,92.19999694824219,-0.69006556,1.5634719,1.1766968,0.30953008,1
-0.8647218,0.5207768,-0.17124902,-1.6328738,-0.56716037,-0.9013676,-0.23057169,0.5097679,0.0,0.0,-2.064982,0.4842657,0.52897686,-1.8708287,0.4955156,0.34947446,-1.4072822,-1.1720802,-0.8910581,-1.1872268,-1.1931872,1.0650146,73.36000061035156,-0.69006556,-0.6396021,1.1766968,-1.4033729,1
1.4402851,0.5207768,1.2765836,1.3841579,1.4486072,1.229832,-0.9873894,1.2428876,0.0,0.0,0.4842657,0.4842657,0.52897686,0.5345225,0.4955156,-1.2164917,0.40208066,2.4479616,0.9235784,1.2305561,1.3172632,1.1425909,100.0,1.4491377,-0.6396021,-0.8498366,1.4229165,1
-0.8647218,-0.20570685,1.2765836,-0.87861586,-0.56716037,-0.19096772,0.526246,-0.9564717,0.0,0.0,0.4842657,-2.064982,0.52897686,0.5345225,0.4955156,-0.76921535,-0.50260085,-0.6894084,0.016260184,0.021664724,1.4375175,-1.2657179,82.30000305175781,-0.69006556,1.5634719,-0.8498366,-0.37563112,1
-0.8647218,0.5207768,-0.17124902,-1.6328738,-0.56716037,-0.9013676,-0.9873894,-0.2233519,0.0,0.0,0.4842657,-2.064982,-1.8904419,0.5345225,0.4955156,-0.25437266,-1.4072822,-1.896089,-1.7983764,-1.1872268,-0.8564754,0.8202188,80.04000091552734,-0.69006556,-0.6396021,-0.8498366,-1.9457922,1
-0.8647218,1.2472605,0.55266726,-0.87861586,-0.56716037,0.5194322,-0.23057169,-0.9564717,0.0,0.0,-2.064982,0.4842657,0.52897686,-1.8708287,0.4955156,0.35036832,-1.4072822,-0.44807193,0.016260184,-1.1872268,1.0412512,0.9305494,76.12000274658203,-0.69006556,1.5634719,1.1766968,-0.5469216,1
-0.096386194,-1.6586741,-0.8951653,1.3841579,0.44072336,-0.9013676,1.2830637,-1.6895915,0.0,0.0,-2.064982,-2.064982,0.52897686,0.5345225,0.4955156,-1.3922043,-1.4072822,-0.9307443,-1.7983764,-1.1872268,-1.6467177,-0.10379943,76.38999938964844,-0.69006556,-0.6396021,-0.8498366,-1.1178892,1
-1.6330574,1.2472605,-0.17124902,-0.87861586,-0.56716037,0.5194322,-0.9873894,-0.9564717,0.0,0.0,0.4842657,-2.064982,-1.8904419,0.5345225,0.4955156,0.34036505,-1.4072822,-0.9307443,0.016260184,-1.1872268,1.1546338,0.29442477,80.98999786376953,-0.69006556,-0.6396021,1.1766968,-1.8315986,1
0.6719494,1.2472605,0.55266726,-0.12435794,-0.56716037,-1.6117674,0.526246,0.5097679,0.0,0.0,0.4842657,0.4842657,0.52897686,0.5345225,0.4955156,-0.41478002,0.40208066,0.5172722,0.016260184,1.2305561,-0.22542696,-1.3174354,100.0,1.4491377,-0.6396021,-0.8498366,0.6235623,1
-0.8647218,0.5207768,1.2765836,-0.87861586,-0.56716037,1.229832,-0.9873894,-0.9564717,0.0,0.0,-2.064982,0.4842657,0.52897686,-1.8708287,0.4955156,-0.15108164,-1.4072822,-0.20673606,0.9235784,-1.1872268,-0.29528895,-1.4501768,96.16999816894531,-0.69006556,-0.6396021,-0.8498366,-0.5469216,1
1.4402851,-0.93219054,-1.6190816,1.3841579,1.4486072,-0.19096772,1.2830637,-0.9564717,0.0,0.0,0.4842657,0.4842657,0.52897686,0.5345225,0.4955156,1.5861844,0.40208066,0.27593628,-0.8910581,1.2305561,-1.561967,0.68575335,100.0,1.4491377,1.5634719,1.1766968,1.4514652,1
-0.8647218,1.2472605,-0.17124902,-0.87861586,-0.56716037,1.229832,-0.23057169,1.2428876,0.0,0.0,-2.064982,-2.064982,0.52897686,0.5345225,0.4955156,0.25950116,1.3067621,0.27593628,0.016260184,-1.1872268,0.5212948,-0.22964522,94.91999816894531,-0.69006556,1.5634719,-0.8498366,-0.83240527,1
0.6719494,1.2472605,1.2765836,0.6299,0.44072336,-1.6117674,-0.9873894,-0.2233519,0.0,0.0,-2.064982,0.4842657,0.52897686,0.5345225,0.4955156,1.2494683,-0.50260085,0.5172722,0.016260184,0.021664724,1.0435417,-1.7432424,86.69000244140625,-0.69006556,-0.6396021,1.1766968,-0.83240527,1
-0.8647218,-0.93219054,-1.6190816,-0.87861586,-1.5750442,1.229832,-0.23057169,-0.9564717,0.0,0.0,-2.064982,0.4842657,0.52897686,-1.8708287,0.4955156,0.9845723,-1.4072822,-1.6547525,-0.8910581,-1.1872268,-0.8438773,1.0822538,79.08000183105469,-0.69006556,-0.6396021,1.1766968,-1.1178892,1
0.6719494,1.2472605,0.55266726,0.6299,0.44072336,1.229832,-0.9873894,1.2428876,0.0,0.0,0.4842657,-2.064982,0.52897686,-1.8708287,0.4955156,0.28003597,1.3067621,1.7239527,0.9235784,-1.1872268,1.382544,1.6494217,96.81999969482422,-0.69006556,-0.6396021,1.1766968,-0.661115,1
-0.8647218,1.2472605,1.2765836,-1.6328738,-0.56716037,1.229832,0.526246,-0.9564717,0.0,0.0,0.4842657,-2.064982,0.52897686,0.5345225,0.4955156,-0.5291456,-0.50260085,0.034600396,-0.8910581,0.021664724,-1.6581703,0.43061423,100.0,-0.69006556,1.5634719,-0.8498366,0.2809814,1
-0.8647218,0.5207768,-0.17124902,-0.87861586,-0.56716037,-0.19096772,0.526246,-0.2233519,0.0,0.0,0.4842657,0.4842657,0.52897686,-1.8708287,0.4955156,1.120694,-0.50260085,-0.6894084,0.016260184,0.021664724,-0.18076105,0.84952533,92.0,-0.69006556,1.5634719,1.1766968,-0.37563112,1
-0.8647218,-0.93219054,-0.8951653,-0.87861586,-0.56716037,-0.19096772,1.2830637,1.2428876,0.0,0.0,0.4842657,0.4842657,0.52897686,0.5345225,0.4955156,1.341068,0.40208066,-0.44807193,0.9235784,1.2305561,-0.15900084,-0.47271717,95.87000274658203,1.4491377,-0.6396021,1.1766968,0.50936854,1
-0.096386194,0.5207768,-0.17124902,0.6299,1.4486072,0.5194322,-0.23057169,0.5097679,0.0,0.0,-2.064982,0.4842657,-1.8904419,0.5345225,0.4955156,1.2570232,1.3067621,0.99994445,0.9235784,-1.1872268,1.4134668,-0.09690376,86.63999938964844,-0.69006556,1.5634719,1.1766968,-1.1178892,1
0.6719494,-0.20570685,-0.17124902,1.3841579,0.44072336,-1.6117674,1.2830637,0.5097679,0.0,0.0,0.4842657,-2.064982,0.52897686,0.5345225,-2.0181,0.23029277,1.3067621,0.7586086,0.016260184,-1.1872268,-0.65605164,-1.6415312,93.52999877929688,-0.69006556,-0.6396021,-0.8498366,-0.4898249,1
-0.8647218,1.2472605,1.2765836,-0.87861586,-0.56716037,-0.9013676,0.526246,1.2428876,0.0,0.0,0.4842657,-2.064982,0.52897686,0.5345225,0.4955156,-0.07475785,-0.50260085,0.27593628,0.016260184,0.021664724,-1.1828798,-1.124357,100.0,-0.69006556,-0.6396021,-0.8498366,-0.5469216,1
0.6719494,-0.93219054,-1.6190816,-0.12435794,1.4486072,-0.9013676,0.526246,-0.9564717,0.0,0.0,0.4842657,-2.064982,-1.8904419,0.5345225,0.4955156,-1.4247508,-1.4072822,-0.6894084,0.016260184,-1.1872268,1.5062342,1.4822019,69.55999755859375,-0.69006556,-0.6396021,-0.8498366,-1.2320827,0
-0.8647218,-1.6586741,-1.6190816,-0.87861586,-2.5829282,1.229832,1.2830637,-0.9564717,0.0,0.0,0.4842657,-2.064982,0.52897686,-1.8708287,0.4955156,-0.32896942,-1.4072822,-1.6547525,-1.7983764,-1.1872268,0.24184668,-1.3829441,72.80000305175781,-0.69006556,-0.6396021,-0.8498366,-1.0607924,1
0.6719494,-0.93219054,-0.8951653,-0.12435794,-0.56716037,1.229832,0.526246,1.2428876,0.0,0.0,-2.064982,-2.064982,0.52897686,-1.8708287,0.4955156,0.20837714,1.3067621,0.5172722,0.9235784,-2.3961184,-0.88510734,0.58921415,85.75,-0.69006556,1.5634719,-0.8498366,-1.6888567,1
1.4402851,0.5207768,0.55266726,0.6299,1.4486072,-0.9013676,-0.9873894,0.5097679,0.0,0.0,0.4842657,0.4842657,0.52897686,0.5345225,0.4955156,1.5668101,0.40208066,0.99994445,0.9235784,1.2305561,-1.4543109,-1.2726135,100.0,1.4491377,-0.6396021,1.1766968,0.39517513,1
1.4402851,0.5207768,1.2765836,0.6299,1.4486072,-0.9013676,0.526246,-1.6895915,0.0,0.0,0.4842657,0.4842657,0.52897686,0.5345225,0.4955156,-1.3340636,0.40208066,0.5172722,-1.7983764,1.2305561,1.6562657,-1.6984205,92.41000366210938,1.4491377,-0.6396021,-0.8498366,0.90904623,1
-0.096386194,0.5207768,-0.17124902,-0.12435794,-0.56716037,1.229832,-0.9873894,-0.9564717,0.0,0.0,0.4842657,0.4842657,0.52897686,-1.8708287,-2.0181,1.0344652,-1.4072822,-0.6894084,-0.8910581,-1.1872268,-1.2149476,0.039285384,83.86000061035156,-0.69006556,-0.6396021,1.1766968,0.19533665,1
0.6719494,-0.93219054,-1.6190816,1.3841579,1.4486072,-0.9013676,-0.9873894,1.2428876,0.0,0.0,-2.064982,-2.064982,0.52897686,0.5345225,0.4955156,0.45041192,-1.4072822,0.034600396,0.016260184,-1.1872268,-1.274502,0.66161865,72.33999633789062,-0.69006556,-0.6396021,1.1766968,-1.9743406,1
-0.8647218,-0.93219054,-1.6190816,-0.87861586,-0.56716037,1.229832,-0.9873894,1.2428876,0.0,0.0,0.4842657,0.4842657,0.52897686,0.5345225,0.4955156,-0.121581055,0.40208066,-0.9307443,0.016260184,1.2305561,1.4959266,0.18926598,74.72000122070312,1.4491377,-0.6396021,-0.8498366,0.16678797,1
-1.6330574,1.2472605,0.55266726,-0.87861586,-0.56716037,-2.3221674,1.2830637,-0.9564717,0.0,0.0,0.4842657,0.4842657,0.52897686,0.5345225,-2.0181,-0.29393518,-0.50260085,-0.9307443,-0.8910581,0.021664724,1.24282,-0.75199133,87.26000213623047,-0.69006556,-0.6396021,-0.8498366,0.45227182,1
-2.401393,-1.6586741,-2.3429978,-0.87861586,-0.56716037,-0.19096772,1.2830637,1.2428876,0.0,0.0,0.4842657,-2.064982,0.52897686,0.5345225,0.4955156,0.62335414,-0.50260085,-2.137425,-3.6130128,0.021664724,-1.2183834,-1.5501639,69.5999984741211,-0.69006556,-0.6396021,1.1766968,-0.26143768,0
0.6719494,-0.93219054,-0.8951653,1.3841579,1.4486072,-0.19096772,-0.9873894,-0.2233519,0.0,0.0,0.4842657,-2.064982,-1.8904419,0.5345225,0.4955156,1.1467116,-1.4072822,-0.20673606,0.016260184,-1.1872268,0.3403406,-0.9036958,73.97000122070312,-0.69006556,-0.6396021,1.1766968,-1.7459534,1
-0.8647218,0.5207768,-0.17124902,-0.87861586,-0.56716037,0.5194322,-0.9873894,0.5097679,0.0,0.0,0.4842657,0.4842657,0.52897686,0.5345225,0.4955156,-1.5354135,0.40208066,-0.44807193,0.9235784,1.2305561,-0.7625626,1.6821761,90.41999816894531,1.4491377,-0.6396021,-0.8498366,0.50936854,1
0.6719494,-0.93219054,-0.8951653,1.3841579,0.44072336,0.5194322,-0.9873894,1.2428876,0.0,0.0,0.4842657,-2.064982,0.52897686,0.5345225,0.4955156,-1.1876252,1.3067621,0.5172722,0.9235784,0.021664724,-0.44302982,-1.5811943,86.58999633789062,-0.69006556,-0.6396021,-0.8498366,-0.5183731,1
1.4402851,-0.93219054,-0.8951653,0.6299,1.4486072,-0.9013676,-1.7442071,0.5097679,0.0,0.0,0.4842657,0.4842657,0.52897686,0.5345225,0.4955156,-0.96513855,0.40208066,-0.20673606,0.016260184,1.2305561,-1.5012673,0.9805428,78.87999725341797,1.4491377,-0.6396021,-0.8498366,-0.033050515,1
-0.8647218,-0.20570685,-0.17124902,-0.87861586,-0.56716037,1.229832,-0.9873894,1.2428876,0.0,0.0,0.4842657,0.4842657,0.52897686,0.5345225,-2.0181,-1.3177221,1.3067621,-0.20673606,0.9235784,0.021664724,-1.6764948,1.19948,88.47000122070312,-0.69006556,-0.6396021,-0.8498366,0.5379169,1
-0.096386194,0.5207768,-0.17124902,1.3841579,1.4486072,-1.6117674,-0.23057169,-0.9564717,0.0,0.0,0.4842657,-2.064982,0.52897686,-1.8708287,0.4955156,1.6789883,-1.4072822,0.034600396,0.016260184,-1.1872268,0.35522923,0.34614235,79.4800033569336,-0.69006556,-0.6396021,1.1766968,-2.002889,1
-1.6330574,-0.93219054,-0.8951653,-0.87861586,-0.56716037,1.229832,1.2830637,-0.9564717,0.0,0.0,0.4842657,0.4842657,-1.8904419,0.5345225,-2.0181,-1.5237808,-1.4072822,-0.9307443,0.016260184,-1.1872268,-0.23229867,1.1477625,78.91000366210938,-0.69006556,-0.6396021,-0.8498366,-0.40417963,1
1.4402851,-0.20570685,0.55266726,1.3841579,0.44072336,-0.9013676,-0.9873894,0.5097679,0.0,0.0,0.4842657,0.4842657,-1.8904419,0.5345225,0.4955156,0.67795736,1.3067621,0.7586086,0.9235784,0.021664724,0.73889774,-1.1933135,100.0,-0.69006556,-0.6396021,1.1766968,-0.20434098,1
-0.8647218,1.2472605,1.2765836,-0.87861586,-0.56716037,1.229832,1.2830637,-0.2233519,0.0,0.0,0.4842657,0.4842657,0.52897686,0.5345225,0.4955156,0.40349564,0.40208066,0.7586086,0.016260184,1.2305561,0.5567983,-0.8778371,100.0,1.4491377,1.5634719,1.1766968,2.0795298,1
-0.8647218,-0.93219054,-0.8951653,-0.87861586,-0.56716037,1.229832,1.2830637,-0.9564717,0.0,0.0,0.4842657,0.4842657,-1.8904419,0.5345225,0.4955156,-1.4792608,-0.50260085,-0.9307443,0.016260184,0.021664724,-0.5357975,-1.2812331,81.31999969482422,-0.69006556,-0.6396021,-0.8498366,-0.40417963,1
0.6719494,-0.93219054,-0.8951653,0.6299,0.44072336,1.229832,-0.9873894,1.2428876,0.0,0.0,0.4842657,0.4842657,0.52897686,0.5345225,0.4955156,-1.2604729,0.40208066,0.5172722,0.9235784,1.2305561,1.6688637,-1.6708379,87.95999908447266,1.4491377,-0.6396021,-0.8498366,0.90904623,1
-0.096386194,-0.93219054,-0.8951653,1.3841579,1.4486072,-0.9013676,0.526246,-0.2233519,0.0,0.0,-2.064982,0.4842657,0.52897686,0.5345225,0.4955156,1.361061,-0.50260085,0.034600396,0.9235784,0.021664724,1.109968,-0.17447996,84.30000305175781,-0.69006556,-0.6396021,1.1766968,0.024046194,1
1.4402851,-0.93219054,-0.8951653,0.6299,-0.56716037,-0.9013676,-0.9873894,-0.2233519,0.0,0.0,0.4842657,0.4842657,0.52897686,-1.8708287,-2.0181,0.7595027,-1.4072822,-0.6894084,0.9235784,-1.1872268,-1.6238121,-1.5122377,87.58000183105469,-0.69006556,-0.6396021,1.1766968,-0.37563112,1
-0.8647218,-0.93219054,-0.8951653,-1.6328738,-2.5829282,-0.19096772,-0.23057169,1.2428876,0.0,0.0,0.4842657,0.4842657,0.52897686,-1.8708287,-2.0181,-1.3084862,-1.4072822,-1.6547525,-0.8910581,-1.1872268,0.0230985,-1.0847069,69.22000122070312,-0.69006556,-0.6396021,-0.8498366,-1.0607924,0
1.4402851,-0.93219054,-0.8951653,-0.12435794,0.44072336,0.5194322,1.2830637,0.5097679,0.0,0.0,0.4842657,0.4842657,0.52897686,0.5345225,0.4955156,-0.1773553,0.40208066,0.7586086,0.9235784,1.2305561,-1.08095,0.8598689,100.0,1.4491377,1.5634719,-0.8498366,1.7940459,1
1.4402851,-0.93219054,-0.8951653,-0.12435794,-0.56716037,-0.19096772,0.526246,-0.9564717,0.0,0.0,0.4842657,-2.064982,-1.8904419,0.5345225,0.4955156,-0.87832963,1.3067621,-0.44807193,0.9235784,-1.1872268,1.6493939,0.90986246,73.4000015258789,-0.69006556,1.5634719,-0.8498366,-1.2035344,1
-1.6330574,0.5207768,0.55266726,-0.87861586,-0.56716037,-0.19096772,0.526246,-0.2233519,0.0,0.0,0.4842657,0.4842657,0.52897686,0.5345225,0.4955156,0.5466986,0.40208066,-0.6894084,-0.8910581,1.2305561,-0.61367637,0.96675164,98.55000305175781,1.4491377,1.5634719,1.1766968,0.7663041,1
-0.8647218,-0.93219054,-0.8951653,-0.87861586,-0.56716037,0.5194322,-0.9873894,0.5097679,0.0,0.0,0.4842657,0.4842657,0.52897686,-1.8708287,0.4955156,-1.1989154,-0.50260085,-1.1720802,0.9235784,0.021664724,-0.88625264,-1.6449791,85.75,-0.69006556,-0.6396021,-0.8498366,-0.7182118,1
-0.8647218,-0.93219054,-0.8951653,-0.87861586,-0.56716037,-0.19096772,1.2830637,0.5097679,0.0,0.0,0.4842657,0.4842657,0.52897686,0.5345225,0.4955156,1.4214371,0.40208066,-0.6894084,0.9235784,1.2305561,-1.3466547,1.4511715,86.54000091552734,1.4491377,-0.6396021,1.1766968,0.48082018,1
0.6719494,1.2472605,0.55266726,-0.12435794,1.4486072,1.229832,-0.9873894,-0.9564717,0.0,0.0,0.4842657,0.4842657,0.52897686,0.5345225,0.4955156,0.30563828,0.40208066,0.99994445,0.9235784,1.2305561,0.064328544,0.16340728,100.0,1.4491377,-0.6396021,1.1766968,1.2516265,1
-0.8647218,0.5207768,-0.17124902,-0.87861586,-0.56716037,1.229832,-0.9873894,1.2428876,0.0,0.0,0.4842657,0.4842657,0.52897686,0.5345225,-2.0181,1.0359006,1.3067621,0.034600396,0.9235784,0.021664724,-0.80493784,-1.2191721,100.0,-0.69006556,-0.6396021,1.1766968,0.85194916,1
-0.096386194,-0.20570685,1.2765836,1.3841579,1.4486072,-0.19096772,1.2830637,-0.9564717,0.0,0.0,0.4842657,0.4842657,0.52897686,0.5345225,0.4955156,0.9570265,0.40208066,0.99994445,0.016260184,1.2305561,-1.3363471,-1.5243051,100.0,1.4491377,1.5634719,1.1766968,1.53711,1
-0.8647218,-0.20570685,-0.17124902,-0.87861586,-0.56716037,1.229832,-0.9873894,-0.9564717,0.0,0.0,0.4842657,0.4842657,0.52897686,0.5345225,-2.0181,0.9460311,-0.50260085,-0.9307443,0.9235784,0.021664724,1.3813988,1.0908734,79.77999877929688,-0.69006556,-0.6396021,1.1766968,0.45227182,1
0.6719494,-1.6586741,-0.8951653,0.6299,1.4486072,1.229832,-0.9873894,1.2428876,0.0,0.0,0.4842657,0.4842657,0.52897686,0.5345225,0.4955156,0.23783755,0.40208066,0.5172722,0.016260184,1.2305561,0.09525101,0.6564469,91.0199966430664,1.4491377,-0.6396021,-0.8498366,0.90904623,1
-0.8647218,-0.93219054,-0.8951653,-0.87861586,-0.56716037,1.229832,-0.23057169,1.2428876,0.0,0.0,0.4842657,0.4842657,0.52897686,0.5345225,0.4955156,1.2125356,0.40208066,-0.44807193,0.9235784,1.2305561,-0.50029385,0.6978209,91.48999786376953,1.4491377,-0.6396021,1.1766968,0.50936854,1
1.4402851,-0.20570685,-0.17124902,-0.12435794,1.4486072,-0.9013676,-0.23057169,1.2428876,0.0,0.0,0.4842657,0.4842657,0.52897686,0.5345225,0.4955156,0.123294815,0.40208066,0.7586086,0.9235784,1.2305561,-0.9893277,0.48922715,100.0,1.4491377,-0.6396021,-0.8498366,0.6521103,1
-0.8647218,1.2472605,0.55266726,-2.3871317,-1.5750442,-0.9013676,1.2830637,-1.6895915,0.0,0.0,0.4842657,0.4842657,0.52897686,-1.8708287,-2.0181,0.013396211,-1.4072822,-1.1720802,-1.7983764,-1.1872268,-1.1771535,-1.1915896,90.75,-0.69006556,-0.6396021,-0.8498366,-0.43272817,1
-0.8647218,1.2472605,0.55266726,-0.87861586,-0.56716037,-0.9013676,-0.9873894,-0.9564717,0.0,0.0,0.4842657,-2.064982,-1.8904419,0.5345225,0.4955156,-1.2857165,-1.4072822,-0.9307443,0.9235784,-1.1872268,-1.3294755,-1.5156856,77.5999984741211,-0.69006556,-0.6396021,-0.8498366,-1.8315986,1
-0.096386194,0.5207768,1.2765836,1.3841579,-0.56716037,-0.19096772,0.526246,0.5097679,0.0,0.0,0.4842657,0.4842657,0.52897686,-1.8708287,0.4955156,-1.0762366,1.3067621,1.2412809,0.9235784,0.021664724,1.1408904,0.14961594,94.12999725341797,-0.69006556,1.5634719,-0.8498366,0.1382396,1
1.4402851,-0.93219054,-0.8951653,1.3841579,0.44072336,1.229832,-0.9873894,-0.9564717,0.0,0.0,0.4842657,0.4842657,-1.8904419,0.5345225,0.4955156,-0.41949612,-0.50260085,0.27593628,0.9235784,0.021664724,-1.3122964,-0.55718905,85.33000183105469,-0.69006556,-0.6396021,-0.8498366,-0.26143768,1
0.6719494,0.5207768,0.55266726,-0.12435794,1.4486072,1.229832,0.526246,-0.9564717,0.0,0.0,0.4842657,-2.064982,0.52897686,0.5345225,0.4955156,-0.74846554,1.3067621,1.2412809,0.9235784,0.021664724,0.7331712,-0.045186374,100.0,-0.69006556,1.5634719,-0.8498366,0.42372346,1
-0.8647218,1.2472605,1.2765836,-0.87861586,-0.56716037,0.5194322,1.2830637,-0.9564717,0.0,0.0,0.4842657,0.4842657,0.52897686,0.5345225,0.4955156,-1.1435438,0.40208066,0.27593628,0.016260184,1.2305561,-1.274502,1.4459999,100.0,1.4491377,1.5634719,-0.8498366,1.7369492,1
0.6719494,1.2472605,1.2765836,0.6299,1.4486072,-0.9013676,1.2830637,-1.6895915,0.0,0.0,0.4842657,0.4842657,0.52897686,0.5345225,-2.0181,1.3111551,-0.50260085,1.2412809,0.016260184,0.021664724,0.5739775,0.78574055,100.0,-0.69006556,-0.6396021,1.1766968,1.2801749,1
-0.096386194,-0.93219054,-1.6190816,0.6299,-0.56716037,-1.6117674,-0.9873894,-0.2233519,0.0,0.0,0.4842657,0.4842657,-1.8904419,-1.8708287,0.4955156,1.250089,-1.4072822,-1.6547525,-0.8910581,-1.1872268,0.3689727,-0.44513458,68.8499984741211,-0.69006556,-0.6396021,1.1766968,-1.3462762,0
1.4402851,-0.93219054,-0.8951653,1.3841579,1.4486072,-0.9013676,-0.23057169,1.2428876,0.0,0.0,0.4842657,0.4842657,0.52897686,0.5345225,0.4955156,1.6488398,0.40208066,0.7586086,0.9235784,1.2305561,-0.40409043,-1.5449921,93.83000183105469,1.4491377,-0.6396021,1.1766968,0.6521103,1
-0.096386194,-0.93219054,-0.8951653,-0.12435794,0.44072336,0.5194322,1.2830637,-0.9564717,0.0,0.0,0.4842657,0.4842657,0.52897686,0.5345225,0.4955156,-0.32006925,0.40208066,-0.44807193,0.016260184,1.2305561,-1.0798048,0.27890962,98.36000061035156,1.4491377,1.5634719,-0.8498366,1.0803363,1
-0.8647218,-0.93219054,-1.6190816,-0.87861586,-1.5750442,1.229832,0.526246,-0.9564717,0.0,0.0,0.4842657,0.4842657,-1.8904419,0.5345225,-2.0181,-0.7803333,-1.4072822,-1.4134166,-0.8910581,-1.1872268,1.7204013,0.19443776,60.790000915527344,-0.69006556,-0.6396021,-0.8498366,-0.74676,0
1.4402851,-0.20570685,0.55266726,1.3841579,1.4486072,-0.9013676,-0.9873894,1.2428876,0.0,0.0,0.4842657,0.4842657,0.52897686,0.5345225,0.4955156,1.1126999,0.40208066,1.2412809,0.9235784,1.2305561,-1.3821583,-0.38824537,100.0,1.4491377,-0.6396021,1.1766968,0.42372346,1
-0.8647218,1.2472605,1.2765836,-0.87861586,-0.56716037,-0.9013676,0.526246,1.2428876,0.0,0.0,0.4842657,0.4842657,0.52897686,0.5345225,0.4955156,0.8906886,0.40208066,0.5172722,0.9235784,1.2305561,-0.3892018,-0.24171257,96.36000061035156,1.4491377,-0.6396021,1.1766968,0.90904623,1
-0.8647218,1.2472605,0.55266726,-0.87861586,-1.5750442,-0.9013676,1.2830637,-0.9564717,0.0,0.0,-2.064982,0.4842657,0.52897686,0.5345225,0.4955156,1.5046465,-0.50260085,-0.44807193,0.016260184,0.021664724,-0.067378506,0.4530249,96.22000122070312,-0.69006556,-0.6396021,1.1766968,0.30953008,1
-0.8647218,-0.93219054,-0.8951653,-0.87861586,-0.56716037,1.229832,0.526246,0.5097679,0.0,0.0,0.4842657,0.4842657,0.52897686,-1.8708287,0.4955156,1.2903807,-0.50260085,-0.6894084,0.016260184,0.021664724,-1.150812,0.8133231,93.13999938964844,-0.69006556,-0.6396021,1.1766968,-0.37563112,1
-1.6330574,0.5207768,-0.17124902,-1.6328738,-1.5750442,-0.9013676,-0.23057169,-0.2233519,0.0,0.0,-2.064982,0.4842657,0.52897686,-1.8708287,0.4955156,-0.17083529,-1.4072822,-1.896089,-2.7056947,-1.1872268,0.29682004,-0.94162196,55.45000076293945,-0.69006556,-0.6396021,-0.8498366,-1.4033729,0
0.6719494,1.2472605,1.2765836,0.6299,0.44072336,-0.9013676,1.2830637,-0.9564717,0.0,0.0,0.4842657,-2.064982,0.52897686,0.5345225,0.4955156,0.8890703,-0.50260085,1.2412809,0.9235784,0.021664724,0.16511299,-0.860598,100.0,-0.69006556,-0.6396021,1.1766968,-0.14724427,1
0.6719494,1.2472605,-0.17124902,-0.12435794,0.44072336,0.5194322,0.526246,-0.9564717,0.0,0.0,-2.064982,0.4842657,0.52897686,0.5345225,0.4955156,0.12641943,1.3067621,0.5172722,0.016260184,0.021664724,-0.78890395,1.5735697,100.0,-0.69006556,1.5634719,-0.8498366,0.5950136,1
0.6719494,-0.20570685,-0.17124902,0.6299,1.4486072,1.229832,-1.7442071,1.2428876,0.0,0.0,0.4842657,0.4842657,0.52897686,0.5345225,-2.0181,0.5307154,1.3067621,0.99994445,0.016260184,0.021664724,0.048294574,-1.5622312,98.33000183105469,-0.69006556,-0.6396021,1.1766968,0.680659,1
-0.8647218,-0.93219054,-0.8951653,-0.87861586,-0.56716037,-0.9013676,-0.23057169,1.2428876,0.0,0.0,0.4842657,0.4842657,0.52897686,0.5345225,0.4955156,-0.35640773,0.40208066,-1.1720802,0.9235784,1.2305561,-0.45791844,-0.39858884,87.70999908447266,1.4491377,-0.6396021,-0.8498366,-0.43272817,1
1.4402851,0.5207768,1.2765836,0.6299,1.4486072,-0.9013676,-1.7442071,0.5097679,0.0,0.0,0.4842657,0.4842657,0.52897686,-1.8708287,-2.0181,0.12961051,-1.4072822,0.7586086,-0.8910581,-1.1872268,0.84998965,0.2875292,88.7699966430664,-0.69006556,-0.6396021,-0.8498366,-0.20434098,1
-1.6330574,-0.93219054,-0.8951653,-0.87861586,-2.5829282,1.229832,-0.23057169,-1.6895915,0.0,0.0,0.4842657,0.4842657,-1.8904419,-1.8708287,0.4955156,-0.21430038,-1.4072822,-2.378761,-2.7056947,-1.1872268,0.012791056,1.116732,61.59000015258789,-0.69006556,-0.6396021,-0.8498366,-2.002889,0
1.4402851,1.2472605,0.55266726,0.6299,-0.56716037,-0.19096772,-0.23057169,1.2428876,0.0,0.0,0.4842657,-2.064982,-1.8904419,0.5345225,-2.0181,-0.9760123,1.3067621,1.2412809,0.016260184,-2.3961184,1.4375175,0.8478015,86.88999938964844,-0.69006556,1.5634719,-0.8498366,-1.2891794,1
0.6719494,0.5207768,1.2765836,1.3841579,1.4486072,-0.9013676,1.2830637,-0.9564717,0.0,0.0,0.4842657,0.4842657,0.52897686,0.5345225,0.4955156,-1.1941487,0.40208066,1.4826168,0.9235784,1.2305561,-0.54266906,-0.94334584,100.0,1.4491377,-0.6396021,-0.8498366,1.3087232,1
1.4402851,0.5207768,0.55266726,0.6299,0.44072336,-0.19096772,1.2830637,1.2428876,0.0,0.0,-2.064982,0.4842657,0.52897686,0.5345225,-2.0181,0.79436153,1.3067621,1.9652891,0.9235784,-1.1872268,-0.40752628,0.24615516,98.16000366210938,-0.69006556,1.5634719,1.1766968,0.5950136,1
0.6719494,1.2472605,0.55266726,-0.12435794,0.44072336,1.229832,1.2830637,-0.9564717,0.0,0.0,0.4842657,0.4842657,0.52897686,0.5345225,0.4955156,-1.004266,0.40208066,1.2412809,0.016260184,1.2305561,-1.2664851,0.673686,100.0,1.4491377,1.5634719,-0.8498366,2.136626,1
1.4402851,1.2472605,1.2765836,1.3841579,0.44072336,1.229832,-1.7442071,-0.9564717,0.0,0.0,0.4842657,0.4842657,0.52897686,0.5345225,0.4955156,-1.3951796,0.40208066,1.2412809,-0.8910581,1.2305561,-0.7980662,1.6511457,98.9800033569336,1.4491377,-0.6396021,-0.8498366,0.99469095,1
1.4402851,1.2472605,0.55266726,1.3841579,-0.56716037,1.229832,-0.9873894,-0.9564717,0.0,0.0,0.4842657,0.4842657,0.52897686,0.5345225,0.4955156,-0.47972926,0.40208066,1.2412809,0.9235784,1.2305561,-1.6925287,0.94606453,100.0,1.4491377,-0.6396021,-0.8498366,1.2801749,1
-0.8647218,0.5207768,1.2765836,-0.87861586,-0.56716037,-1.6117674,-0.9873894,1.2428876,0.0,0.0,-2.064982,0.4842657,0.52897686,0.5345225,-2.0181,-0.116619304,-1.4072822,-0.6894084,-0.8910581,-1.1872268,-1.1359234,1.197756,80.68000030517578,-0.69006556,-0.6396021,-0.8498366,-1.1178892,1
-0.096386194,-0.93219054,-0.8951653,-0.12435794,1.4486072,-0.9013676,-0.23057169,1.2428876,0.0,0.0,0.4842657,0.4842657,-1.8904419,0.5345225,0.4955156,1.2356763,-0.50260085,-0.20673606,0.9235784,0.021664724,1.3859799,-0.4037606,76.69000244140625,-0.69006556,-0.6396021,1.1766968,-0.6040183,1
-0.096386194,-1.6586741,-0.8951653,1.3841579,1.4486072,-0.9013676,1.2830637,1.2428876,0.0,0.0,0.4842657,0.4842657,-1.8904419,0.5345225,0.4955156,-1.4248067,1.3067621,0.5172722,0.016260184,0.021664724,-0.5231994,-0.39858884,82.97000122070312,-0.69006556,-0.6396021,-0.8498366,0.6235623,1
-0.096386194,-0.20570685,-0.17124902,0.6299,-0.56716037,-0.9013676,0.526246,-0.9564717,0.0,0.0,0.4842657,0.4842657,0.52897686,0.5345225,0.4955156,-0.48986605,0.40208066,-0.44807193,0.9235784,1.2305561,0.79730684,0.61679685,92.93000030517578,1.4491377,-0.6396021,-0.8498366,0.50936854,1
-0.8647218,-0.93219054,-0.8951653,-0.87861586,-1.5750442,1.229832,0.526246,-0.2233519,0.0,0.0,0.4842657,0.4842657,0.52897686,-1.8708287,-2.0181,-0.17708047,-1.4072822,-0.9307443,0.016260184,-1.1872268,0.5121325,0.35648572,79.72000122070312,-0.69006556,-0.6396021,-0.8498366,-0.40417963,1
-0.8647218,0.5207768,-0.17124902,-0.87861586,-0.56716037,-0.9013676,1.2830637,-0.2233519,0.0,0.0,0.4842657,-2.064982,-1.8904419,0.5345225,0.4955156,0.71245235,-1.4072822,-0.6894084,0.016260184,-1.1872268,1.016055,0.2858052,83.29000091552734,-0.69006556,-0.6396021,1.1766968,-0.9465988,1
1.4402851,-1.6586741,-0.8951653,-0.12435794,-0.56716037,1.229832,-0.9873894,-0.2233519,0.0,0.0,0.4842657,0.4842657,0.52897686,0.5345225,-2.0181,0.03194591,-0.50260085,-0.6894084,-0.8910581,0.021664724,0.6564377,0.5012945,79.7300033569336,-0.69006556,-0.6396021,-0.8498366,1.051788,1
0.6719494,1.2472605,1.2765836,1.3841579,1.4486072,-0.9013676,-1.7442071,1.2428876,0.0,0.0,0.4842657,0.4842657,0.52897686,0.5345225,0.4955156,1.3583412,0.40208066,1.2412809,-0.8910581,1.2305561,0.54076445,0.32890323,99.77999877929688,1.4491377,-0.6396021,1.1766968,0.1382396,1
0.6719494,-0.93219054,-0.8951653,0.6299,0.44072336,-1.6117674,-0.23057169,1.2428876,0.0,0.0,0.4842657,0.4842657,0.52897686,0.5345225,-2.0181,-0.582931,-0.50260085,-0.44807193,-0.8910581,0.021664724,-0.9343543,0.1323768,71.5199966430664,-0.69006556,-0.6396021,-0.8498366,-0.061599206,1
0.6719494,0.5207768,1.2765836,-0.12435794,1.4486072,-1.6117674,-0.9873894,0.5097679,0.0,0.0,0.4842657,0.4842657,0.52897686,0.5345225,-2.0181,1.6274314,1.3067621,0.5172722,0.016260184,0.021664724,0.8007427,-1.4846551,95.5999984741211,-0.69006556,-0.6396021,1.1766968,-0.23288932,1
-0.096386194,-0.20570685,0.55266726,0.6299,1.4486072,0.5194322,0.526246,-1.6895915,0.0,0.0,-2.064982,0.4842657,0.52897686,0.5345225,0.4955156,-1.4383641,1.3067621,0.5172722,0.016260184,0.021664724,-0.07539542,-1.4363855,93.86000061035156,-0.69006556,1.5634719,-0.8498366,0.30953008,1
-0.8647218,0.5207768,1.2765836,-0.87861586,-0.56716037,1.229832,-0.9873894,-0.2233519,0.0,0.0,0.4842657,0.4842657,0.52897686,0.5345225,0.4955156,1.0448987,0.40208066,0.034600396,0.9235784,1.2305561,0.3689727,1.2063757,96.12999725341797,1.4491377,-0.6396021,1.1766968,0.85194916,1
-0.8647218,1.2472605,0.55266726,-0.87861586,-0.56716037,0.5194322,-0.23057169,-0.9564717,0.0,0.0,-2.064982,0.4842657,0.52897686,0.5345225,0.4955156,0.77225834,-0.50260085,-0.44807193,0.016260184,0.021664724,0.28307673,1.6425261,86.19999694824219,-0.69006556,1.5634719,1.1766968,0.30953008,1
0.6719494,0.5207768,-0.17124902,1.3841579,-0.56716037,-1.6117674,-0.23057169,-0.2233519,0.0,0.0,0.4842657,0.4842657,0.52897686,0.5345225,-2.0181,-0.5763656,-0.50260085,-0.20673606,-0.8910581,0.021664724,0.38844237,-0.14517337,86.44000244140625,-0.69006556,-0.6396021,-0.8498366,0.25243336,1
-0.8647218,1.2472605,0.55266726,-0.87861586,-0.56716037,0.5194322,1.2830637,0.5097679,0.0,0.0,0.4842657,0.4842657,-1.8904419,-1.8708287,0.4955156,0.6714668,1.3067621,0.7586086,0.9235784,-1.1872268,0.14220743,-1.2933005,100.0,-0.69006556,1.5634719,1.1766968,-0.77530855,1
-0.8647218,1.2472605,1.2765836,-0.87861586,-1.5750442,-0.19096772,-0.9873894,-0.9564717,0.0,0.0,0.4842657,0.4842657,-1.8904419,0.5345225,0.4955156,-0.34234467,-0.50260085,-0.6894084,0.016260184,0.021664724,0.11701136,-1.6329117,93.26000213623047,-0.69006556,-0.6396021,-0.8498366,-0.37563112,1
-1.6330574,-1.6586741,-0.8951653,-0.87861586,-0.56716037,-0.9013676,-0.9873894,-0.2233519,0.0,0.0,0.4842657,-2.064982,0.52897686,-1.8708287,0.4955156,-0.6035967,-1.4072822,-2.378761,-0.8910581,-1.1872268,1.4810382,1.5253,53.09374809265137,-0.69006556,-0.6396021,-0.8498366,-2.002889,0
-0.8647218,-0.20570685,-0.17124902,-1.6328738,-0.56716037,-1.6117674,1.2830637,-0.2233519,0.0,0.0,0.4842657,-2.064982,-1.8904419,0.5345225,0.4955156,-1.0270861,-1.4072822,-1.4134166,-1.7983764,-1.1872268,0.798452,-0.13310602,73.04000091552734,-0.69006556,-0.6396021,-0.8498366,-1.0322438,1
-0.8647218,-0.20570685,1.2765836,-0.87861586,-2.5829282,1.229832,-0.9873894,-0.2233519,0.0,0.0,0.4842657,-2.064982,0.52897686,-1.8708287,0.4955156,-1.4025409,-1.4072822,-0.9307443,-0.8910581,-1.1872268,-1.5974706,-0.55374116,87.30000305175781,-0.69006556,-0.6396021,-0.8498366,-0.9751472,1
-1.6330574,0.5207768,-0.17124902,-1.6328738,-1.5750442,-0.9013676,0.526246,-1.6895915,0.0,0.0,0.4842657,-2.064982,-1.8904419,0.5345225,0.4955156,1.7262517,-1.4072822,-1.896089,-2.7056947,-1.1872268,0.9187063,-1.3760484,76.19999694824219,-0.69006556,-0.6396021,1.1766968,-1.3748245,1
-0.8647218,0.5207768,1.2765836,-0.87861586,-0.56716037,-0.9013676,1.2830637,1.2428876,0.0,0.0,0.4842657,0.4842657,0.52897686,0.5345225,-2.0181,-0.85415274,-0.50260085,0.5172722,0.9235784,0.021664724,-1.5184464,-1.4725876,100.0,-0.69006556,-0.6396021,-0.8498366,0.90904623,1
1.4402851,1.2472605,1.2765836,0.6299,0.44072336,-0.9013676,0.526246,1.2428876,0.0,0.0,0.4842657,0.4842657,0.52897686,0.5345225,0.4955156,0.112709805,0.40208066,1.9652891,0.9235784,1.2305561,-1.5505142,1.2563692,100.0,1.4491377,-0.6396021,-0.8498366,1.0803363,1
-0.096386194,0.5207768,0.55266726,0.6299,0.44072336,-1.6117674,-0.23057169,0.5097679,0.0,0.0,-2.064982,0.4842657,0.52897686,-1.8708287,0.4955156,-1.4127874,1.3067621,0.27593628,0.016260184,-1.1872268,-0.25520423,0.5564599,86.79000091552734,-0.69006556,-0.6396021,-0.8498366,-1.6888567,1
-0.8647218,0.5207768,0.55266726,-0.87861586,-0.56716037,0.5194322,-0.9873894,-0.2233519,0.0,0.0,0.4842657,0.4842657,0.52897686,0.5345225,0.4955156,-0.8184401,0.40208066,-0.6894084,0.016260184,1.2305561,0.11586603,-0.15379293,93.12000274658203,1.4491377,-0.6396021,-0.8498366,0.48082018,1
